search_term,month,search_index
buy kite,2015-01,33
buy kite,2015-02,47
buy kite,2015-03,80
buy kite,2015-04,67
buy kite,2015-05,71
buy kite,2015-06,62
buy kite,2015-07,49
buy kite,2015-08,50
buy kite,2015-09,40
buy kite,2015-10,23
buy kite,2015-11,49
buy kite,2015-12,27
buy kite,2016-01,28
buy kite,2016-02,44
buy kite,2016-03,80
buy kite,2016-04,74
buy kite,2016-05,64
buy kite,2016-06,41
buy kite,2016-07,52
buy kite,2016-08,47
buy kite,2016-09,39
buy kite,2016-10,100
buy kite,2016-11,43
buy kite,2016-12,37
buy kite,2017-01,54
buy kite,2017-02,53
buy kite,2017-03,73
buy kite,2017-04,85
buy kite,2017-05,67
buy kite,2017-06,70
buy kite,2017-07,59
buy kite,2017-08,57
buy kite,2017-09,49
buy kite,2017-10,46
buy kite,2017-11,35
buy kite,2017-12,36
buy kite,2018-01,36
buy kite,2018-02,44
buy kite,2018-03,73
buy kite,2018-04,68
buy kite,2018-05,61
buy kite,2018-06,51
buy kite,2018-07,58
buy kite,2018-08,41
buy kite,2018-09,50
buy kite,2018-10,29
buy kite,2018-11,39
buy kite,2018-12,38
buy kite,2019-01,44
buy kite,2019-02,46
buy kite,2019-03,65
buy kite,2019-04,69
buy kite,2019-05,50
buy kite,2019-06,45
buy kite,2019-07,40
buy kite,2019-08,37
buy kite,2019-09,33
buy kite,2019-10,36
buy kite,2019-11,33
buy kite,2019-12,28
buy kite,2020-01,37
buy kite,2020-02,44
buy kite,2020-03,48
buy kite,2020-04,60
buy kite,2020-05,58
buy kite,2020-06,60
buy kite,2020-07,59
buy kite,2020-08,63
buy kite,2020-09,55
buy kite,2020-10,47
buy kite,2020-11,42
buy kite,2020-12,30
buy kite,2021-01,42
buy kite,2021-02,49
buy kite,2021-03,70
buy kite,2021-04,73
buy kite,2021-05,60
buy kite,2021-06,47
buy kite,2021-07,39
buy kite,2021-08,43
buy kite,2021-09,39
buy kite,2021-10,43
buy kite,2021-11,25
buy kite,2021-12,36
buy kite,2022-01,38
buy kite,2022-02,60
buy kite,2022-03,68
buy kite,2022-04,72
buy kite,2022-05,54
buy kite,2022-06,54
buy kite,2022-07,44
buy kite,2022-08,42
buy kite,2022-09,43
buy kite,2022-10,35
buy kite,2022-11,32
buy kite,2022-12,32
buy kite,2023-01,44
buy kite,2023-02,49
buy kite,2023-03,53
buy kite,2023-04,55
buy kite,2023-05,51
buy kite,2023-06,39
buy kite,2023-07,50
buy kite,2023-08,39
buy kite,2023-09,39
buy kite,2023-10,43
buy kite,2023-11,28
buy kite,2023-12,38
buy kite,2024-01,39
buy kite,2024-02,50
buy kite,2024-03,69
buy kite,2024-04,64
buy kite,2024-05,53
buy kite,2024-06,43
buy kite,2024-07,44
buy kite,2024-08,50
buy kite,2024-09,43
buy kite,2024-10,39
buy kite,2024-11,33
buy kite,2024-12,39
kiteboarding equipment,2015-01,0
kiteboarding equipment,2015-02,0
kiteboarding equipment,2015-03,0
kiteboarding equipment,2015-04,0
kiteboarding equipment,2015-05,0
kiteboarding equipment,2015-06,100
kiteboarding equipment,2015-07,0
kiteboarding equipment,2015-08,0
kiteboarding equipment,2015-09,0
kiteboarding equipment,2015-10,0
kiteboarding equipment,2015-11,0
kiteboarding equipment,2015-12,0
kiteboarding equipment,2016-01,0
kiteboarding equipment,2016-02,0
kiteboarding equipment,2016-03,0
kiteboarding equipment,2016-04,0
kiteboarding equipment,2016-05,36
kiteboarding equipment,2016-06,0
kiteboarding equipment,2016-07,0
kiteboarding equipment,2016-08,0
kiteboarding equipment,2016-09,0
kiteboarding equipment,2016-10,0
kiteboarding equipment,2016-11,0
kiteboarding equipment,2016-12,0
kiteboarding equipment,2017-01,31
kiteboarding equipment,2017-02,0
kiteboarding equipment,2017-03,0
kiteboarding equipment,2017-04,0
kiteboarding equipment,2017-05,0
kiteboarding equipment,2017-06,0
kiteboarding equipment,2017-07,0
kiteboarding equipment,2017-08,0
kiteboarding equipment,2017-09,0
kiteboarding equipment,2017-10,0
kiteboarding equipment,2017-11,0
kiteboarding equipment,2017-12,0
kiteboarding equipment,2018-01,0
kiteboarding equipment,2018-02,0
kiteboarding equipment,2018-03,0
kiteboarding equipment,2018-04,0
kiteboarding equipment,2018-05,0
kiteboarding equipment,2018-06,52
kiteboarding equipment,2018-07,0
kiteboarding equipment,2018-08,35
kiteboarding equipment,2018-09,0
kiteboarding equipment,2018-10,0
kiteboarding equipment,2018-11,0
kiteboarding equipment,2018-12,0
kiteboarding equipment,2019-01,0
kiteboarding equipment,2019-02,0
kiteboarding equipment,2019-03,0
kiteboarding equipment,2019-04,0
kiteboarding equipment,2019-05,0
kiteboarding equipment,2019-06,0
kiteboarding equipment,2019-07,0
kiteboarding equipment,2019-08,28
kiteboarding equipment,2019-09,0
kiteboarding equipment,2019-10,0
kiteboarding equipment,2019-11,0
kiteboarding equipment,2019-12,0
kiteboarding equipment,2020-01,0
kiteboarding equipment,2020-02,0
kiteboarding equipment,2020-03,0
kiteboarding equipment,2020-04,0
kiteboarding equipment,2020-05,0
kiteboarding equipment,2020-06,0
kiteboarding equipment,2020-07,0
kiteboarding equipment,2020-08,0
kiteboarding equipment,2020-09,0
kiteboarding equipment,2020-10,0
kiteboarding equipment,2020-11,0
kiteboarding equipment,2020-12,0
kiteboarding equipment,2021-01,0
kiteboarding equipment,2021-02,0
kiteboarding equipment,2021-03,0
kiteboarding equipment,2021-04,0
kiteboarding equipment,2021-05,0
kiteboarding equipment,2021-06,0
kiteboarding equipment,2021-07,0
kiteboarding equipment,2021-08,0
kiteboarding equipment,2021-09,0
kiteboarding equipment,2021-10,0
kiteboarding equipment,2021-11,0
kiteboarding equipment,2021-12,0
kiteboarding equipment,2022-01,0
kiteboarding equipment,2022-02,0
kiteboarding equipment,2022-03,23
kiteboarding equipment,2022-04,0
kiteboarding equipment,2022-05,0
kiteboarding equipment,2022-06,0
kiteboarding equipment,2022-07,0
kiteboarding equipment,2022-08,0
kiteboarding equipment,2022-09,0
kiteboarding equipment,2022-10,0
kiteboarding equipment,2022-11,0
kiteboarding equipment,2022-12,0
kiteboarding equipment,2023-01,0
kiteboarding equipment,2023-02,0
kiteboarding equipment,2023-03,0
kiteboarding equipment,2023-04,0
kiteboarding equipment,2023-05,30
kiteboarding equipment,2023-06,0
kiteboarding equipment,2023-07,0
kiteboarding equipment,2023-08,0
kiteboarding equipment,2023-09,0
kiteboarding equipment,2023-10,0
kiteboarding equipment,2023-11,0
kiteboarding equipment,2023-12,0
kiteboarding equipment,2024-01,0
kiteboarding equipment,2024-02,0
kiteboarding equipment,2024-03,0
kiteboarding equipment,2024-04,0
kiteboarding equipment,2024-05,0
kiteboarding equipment,2024-06,0
kiteboarding equipment,2024-07,0
kiteboarding equipment,2024-08,0
kiteboarding equipment,2024-09,0
kiteboarding equipment,2024-10,0
kiteboarding equipment,2024-11,0
kiteboarding equipment,2024-12,0
kite surf gear,2015-01,0
kite surf gear,2015-02,0
kite surf gear,2015-03,0
kite surf gear,2015-04,0
kite surf gear,2015-05,0
kite surf gear,2015-06,0
kite surf gear,2015-07,0
kite surf gear,2015-08,0
kite surf gear,2015-09,0
kite surf gear,2015-10,0
kite surf gear,2015-11,0
kite surf gear,2015-12,0
kite surf gear,2016-01,0
kite surf gear,2016-02,0
kite surf gear,2016-03,0
kite surf gear,2016-04,0
kite surf gear,2016-05,0
kite surf gear,2016-06,0
kite surf gear,2016-07,0
kite surf gear,2016-08,0
kite surf gear,2016-09,0
kite surf gear,2016-10,0
kite surf gear,2016-11,0
kite surf gear,2016-12,0
kite surf gear,2017-01,0
kite surf gear,2017-02,0
kite surf gear,2017-03,0
kite surf gear,2017-04,0
kite surf gear,2017-05,0
kite surf gear,2017-06,0
kite surf gear,2017-07,0
kite surf gear,2017-08,0
kite surf gear,2017-09,0
kite surf gear,2017-10,0
kite surf gear,2017-11,0
kite surf gear,2017-12,0
kite surf gear,2018-01,0
kite surf gear,2018-02,0
kite surf gear,2018-03,0
kite surf gear,2018-04,0
kite surf gear,2018-05,0
kite surf gear,2018-06,0
kite surf gear,2018-07,0
kite surf gear,2018-08,0
kite surf gear,2018-09,0
kite surf gear,2018-10,0
kite surf gear,2018-11,0
kite surf gear,2018-12,0
kite surf gear,2019-01,0
kite surf gear,2019-02,0
kite surf gear,2019-03,0
kite surf gear,2019-04,0
kite surf gear,2019-05,0
kite surf gear,2019-06,0
kite surf gear,2019-07,0
kite surf gear,2019-08,0
kite surf gear,2019-09,0
kite surf gear,2019-10,0
kite surf gear,2019-11,0
kite surf gear,2019-12,0
kite surf gear,2020-01,0
kite surf gear,2020-02,0
kite surf gear,2020-03,0
kite surf gear,2020-04,0
kite surf gear,2020-05,0
kite surf gear,2020-06,0
kite surf gear,2020-07,0
kite surf gear,2020-08,0
kite surf gear,2020-09,0
kite surf gear,2020-10,0
kite surf gear,2020-11,0
kite surf gear,2020-12,0
kite surf gear,2021-01,0
kite surf gear,2021-02,0
kite surf gear,2021-03,0
kite surf gear,2021-04,0
kite surf gear,2021-05,0
kite surf gear,2021-06,0
kite surf gear,2021-07,0
kite surf gear,2021-08,0
kite surf gear,2021-09,0
kite surf gear,2021-10,0
kite surf gear,2021-11,0
kite surf gear,2021-12,0
kite surf gear,2022-01,0
kite surf gear,2022-02,0
kite surf gear,2022-03,0
kite surf gear,2022-04,0
kite surf gear,2022-05,0
kite surf gear,2022-06,0
kite surf gear,2022-07,0
kite surf gear,2022-08,0
kite surf gear,2022-09,0
kite surf gear,2022-10,0
kite surf gear,2022-11,0
kite surf gear,2022-12,0
kite surf gear,2023-01,0
kite surf gear,2023-02,0
kite surf gear,2023-03,0
kite surf gear,2023-04,0
kite surf gear,2023-05,100
kite surf gear,2023-06,0
kite surf gear,2023-07,0
kite surf gear,2023-08,0
kite surf gear,2023-09,0
kite surf gear,2023-10,0
kite surf gear,2023-11,0
kite surf gear,2023-12,0
kite surf gear,2024-01,0
kite surf gear,2024-02,0
kite surf gear,2024-03,0
kite surf gear,2024-04,0
kite surf gear,2024-05,0
kite surf gear,2024-06,0
kite surf gear,2024-07,0
kite surf gear,2024-08,0
kite surf gear,2024-09,0
kite surf gear,2024-10,0
kite surf gear,2024-11,0
kite surf gear,2024-12,0
buy paraglider,2015-01,0
buy paraglider,2015-02,0
buy paraglider,2015-03,0
buy paraglider,2015-04,0
buy paraglider,2015-05,0
buy paraglider,2015-06,0
buy paraglider,2015-07,0
buy paraglider,2015-08,0
buy paraglider,2015-09,0
buy paraglider,2015-10,0
buy paraglider,2015-11,0
buy paraglider,2015-12,0
buy paraglider,2016-01,0
buy paraglider,2016-02,0
buy paraglider,2016-03,0
buy paraglider,2016-04,0
buy paraglider,2016-05,0
buy paraglider,2016-06,0
buy paraglider,2016-07,0
buy paraglider,2016-08,0
buy paraglider,2016-09,0
buy paraglider,2016-10,0
buy paraglider,2016-11,0
buy paraglider,2016-12,0
buy paraglider,2017-01,0
buy paraglider,2017-02,0
buy paraglider,2017-03,0
buy paraglider,2017-04,0
buy paraglider,2017-05,0
buy paraglider,2017-06,0
buy paraglider,2017-07,0
buy paraglider,2017-08,0
buy paraglider,2017-09,0
buy paraglider,2017-10,0
buy paraglider,2017-11,0
buy paraglider,2017-12,0
buy paraglider,2018-01,0
buy paraglider,2018-02,0
buy paraglider,2018-03,0
buy paraglider,2018-04,0
buy paraglider,2018-05,0
buy paraglider,2018-06,0
buy paraglider,2018-07,0
buy paraglider,2018-08,0
buy paraglider,2018-09,0
buy paraglider,2018-10,0
buy paraglider,2018-11,0
buy paraglider,2018-12,0
buy paraglider,2019-01,0
buy paraglider,2019-02,0
buy paraglider,2019-03,0
buy paraglider,2019-04,0
buy paraglider,2019-05,0
buy paraglider,2019-06,0
buy paraglider,2019-07,0
buy paraglider,2019-08,0
buy paraglider,2019-09,0
buy paraglider,2019-10,0
buy paraglider,2019-11,0
buy paraglider,2019-12,0
buy paraglider,2020-01,0
buy paraglider,2020-02,0
buy paraglider,2020-03,0
buy paraglider,2020-04,0
buy paraglider,2020-05,0
buy paraglider,2020-06,0
buy paraglider,2020-07,0
buy paraglider,2020-08,0
buy paraglider,2020-09,0
buy paraglider,2020-10,0
buy paraglider,2020-11,0
buy paraglider,2020-12,100
buy paraglider,2021-01,0
buy paraglider,2021-02,0
buy paraglider,2021-03,0
buy paraglider,2021-04,0
buy paraglider,2021-05,0
buy paraglider,2021-06,0
buy paraglider,2021-07,0
buy paraglider,2021-08,0
buy paraglider,2021-09,0
buy paraglider,2021-10,0
buy paraglider,2021-11,0
buy paraglider,2021-12,0
buy paraglider,2022-01,0
buy paraglider,2022-02,0
buy paraglider,2022-03,0
buy paraglider,2022-04,0
buy paraglider,2022-05,0
buy paraglider,2022-06,0
buy paraglider,2022-07,0
buy paraglider,2022-08,0
buy paraglider,2022-09,0
buy paraglider,2022-10,0
buy paraglider,2022-11,0
buy paraglider,2022-12,0
buy paraglider,2023-01,0
buy paraglider,2023-02,0
buy paraglider,2023-03,0
buy paraglider,2023-04,0
buy paraglider,2023-05,77
buy paraglider,2023-06,0
buy paraglider,2023-07,0
buy paraglider,2023-08,0
buy paraglider,2023-09,0
buy paraglider,2023-10,100
buy paraglider,2023-11,0
buy paraglider,2023-12,0
buy paraglider,2024-01,0
buy paraglider,2024-02,0
buy paraglider,2024-03,0
buy paraglider,2024-04,0
buy paraglider,2024-05,0
buy paraglider,2024-06,0
buy paraglider,2024-07,0
buy paraglider,2024-08,0
buy paraglider,2024-09,0
buy paraglider,2024-10,0
buy paraglider,2024-11,0
buy paraglider,2024-12,0
paragliding equipment,2015-01,0
paragliding equipment,2015-02,100
paragliding equipment,2015-03,0
paragliding equipment,2015-04,0
paragliding equipment,2015-05,0
paragliding equipment,2015-06,0
paragliding equipment,2015-07,0
paragliding equipment,2015-08,0
paragliding equipment,2015-09,0
paragliding equipment,2015-10,0
paragliding equipment,2015-11,0
paragliding equipment,2015-12,0
paragliding equipment,2016-01,0
paragliding equipment,2016-02,53
paragliding equipment,2016-03,0
paragliding equipment,2016-04,0
paragliding equipment,2016-05,56
paragliding equipment,2016-06,89
paragliding equipment,2016-07,0
paragliding equipment,2016-08,57
paragliding equipment,2016-09,0
paragliding equipment,2016-10,0
paragliding equipment,2016-11,0
paragliding equipment,2016-12,0
paragliding equipment,2017-01,63
paragliding equipment,2017-02,77
paragliding equipment,2017-03,0
paragliding equipment,2017-04,0
paragliding equipment,2017-05,48
paragliding equipment,2017-06,0
paragliding equipment,2017-07,52
paragliding equipment,2017-08,58
paragliding equipment,2017-09,0
paragliding equipment,2017-10,49
paragliding equipment,2017-11,45
paragliding equipment,2017-12,0
paragliding equipment,2018-01,72
paragliding equipment,2018-02,0
paragliding equipment,2018-03,44
paragliding equipment,2018-04,0
paragliding equipment,2018-05,57
paragliding equipment,2018-06,0
paragliding equipment,2018-07,45
paragliding equipment,2018-08,44
paragliding equipment,2018-09,0
paragliding equipment,2018-10,0
paragliding equipment,2018-11,0
paragliding equipment,2018-12,0
paragliding equipment,2019-01,52
paragliding equipment,2019-02,0
paragliding equipment,2019-03,0
paragliding equipment,2019-04,0
paragliding equipment,2019-05,0
paragliding equipment,2019-06,46
paragliding equipment,2019-07,44
paragliding equipment,2019-08,0
paragliding equipment,2019-09,0
paragliding equipment,2019-10,0
paragliding equipment,2019-11,40
paragliding equipment,2019-12,0
paragliding equipment,2020-01,0
paragliding equipment,2020-02,0
paragliding equipment,2020-03,47
paragliding equipment,2020-04,0
paragliding equipment,2020-05,77
paragliding equipment,2020-06,0
paragliding equipment,2020-07,0
paragliding equipment,2020-08,50
paragliding equipment,2020-09,0
paragliding equipment,2020-10,0
paragliding equipment,2020-11,0
paragliding equipment,2020-12,0
paragliding equipment,2021-01,0
paragliding equipment,2021-02,48
paragliding equipment,2021-03,0
paragliding equipment,2021-04,0
paragliding equipment,2021-05,0
paragliding equipment,2021-06,47
paragliding equipment,2021-07,0
paragliding equipment,2021-08,0
paragliding equipment,2021-09,0
paragliding equipment,2021-10,0
paragliding equipment,2021-11,0
paragliding equipment,2021-12,0
paragliding equipment,2022-01,0
paragliding equipment,2022-02,0
paragliding equipment,2022-03,0
paragliding equipment,2022-04,0
paragliding equipment,2022-05,0
paragliding equipment,2022-06,40
paragliding equipment,2022-07,48
paragliding equipment,2022-08,0
paragliding equipment,2022-09,0
paragliding equipment,2022-10,0
paragliding equipment,2022-11,0
paragliding equipment,2022-12,0
paragliding equipment,2023-01,36
paragliding equipment,2023-02,0
paragliding equipment,2023-03,0
paragliding equipment,2023-04,0
paragliding equipment,2023-05,50
paragliding equipment,2023-06,0
paragliding equipment,2023-07,49
paragliding equipment,2023-08,0
paragliding equipment,2023-09,0
paragliding equipment,2023-10,0
paragliding equipment,2023-11,0
paragliding equipment,2023-12,0
paragliding equipment,2024-01,0
paragliding equipment,2024-02,0
paragliding equipment,2024-03,0
paragliding equipment,2024-04,0
paragliding equipment,2024-05,0
paragliding equipment,2024-06,0
paragliding equipment,2024-07,0
paragliding equipment,2024-08,0
paragliding equipment,2024-09,0
paragliding equipment,2024-10,0
paragliding equipment,2024-11,0
paragliding equipment,2024-12,0
paraglider for sale,2015-01,41
paraglider for sale,2015-02,25
paraglider for sale,2015-03,58
paraglider for sale,2015-04,49
paraglider for sale,2015-05,40
paraglider for sale,2015-06,51
paraglider for sale,2015-07,57
paraglider for sale,2015-08,36
paraglider for sale,2015-09,32
paraglider for sale,2015-10,39
paraglider for sale,2015-11,28
paraglider for sale,2015-12,33
paraglider for sale,2016-01,40
paraglider for sale,2016-02,39
paraglider for sale,2016-03,31
paraglider for sale,2016-04,32
paraglider for sale,2016-05,37
paraglider for sale,2016-06,31
paraglider for sale,2016-07,45
paraglider for sale,2016-08,29
paraglider for sale,2016-09,48
paraglider for sale,2016-10,40
paraglider for sale,2016-11,44
paraglider for sale,2016-12,34
paraglider for sale,2017-01,53
paraglider for sale,2017-02,63
paraglider for sale,2017-03,52
paraglider for sale,2017-04,51
paraglider for sale,2017-05,40
paraglider for sale,2017-06,47
paraglider for sale,2017-07,62
paraglider for sale,2017-08,100
paraglider for sale,2017-09,72
paraglider for sale,2017-10,43
paraglider for sale,2017-11,69
paraglider for sale,2017-12,37
paraglider for sale,2018-01,49
paraglider for sale,2018-02,52
paraglider for sale,2018-03,47
paraglider for sale,2018-04,46
paraglider for sale,2018-05,41
paraglider for sale,2018-06,55
paraglider for sale,2018-07,56
paraglider for sale,2018-08,49
paraglider for sale,2018-09,55
paraglider for sale,2018-10,27
paraglider for sale,2018-11,43
paraglider for sale,2018-12,34
paraglider for sale,2019-01,32
paraglider for sale,2019-02,36
paraglider for sale,2019-03,50
paraglider for sale,2019-04,48
paraglider for sale,2019-05,37
paraglider for sale,2019-06,38
paraglider for sale,2019-07,50
paraglider for sale,2019-08,32
paraglider for sale,2019-09,35
paraglider for sale,2019-10,29
paraglider for sale,2019-11,31
paraglider for sale,2019-12,31
paraglider for sale,2020-01,29
paraglider for sale,2020-02,24
paraglider for sale,2020-03,25
paraglider for sale,2020-04,48
paraglider for sale,2020-05,44
paraglider for sale,2020-06,37
paraglider for sale,2020-07,42
paraglider for sale,2020-08,42
paraglider for sale,2020-09,36
paraglider for sale,2020-10,32
paraglider for sale,2020-11,27
paraglider for sale,2020-12,33
paraglider for sale,2021-01,40
paraglider for sale,2021-02,30
paraglider for sale,2021-03,30
paraglider for sale,2021-04,34
paraglider for sale,2021-05,29
paraglider for sale,2021-06,53
paraglider for sale,2021-07,36
paraglider for sale,2021-08,32
paraglider for sale,2021-09,36
paraglider for sale,2021-10,32
paraglider for sale,2021-11,29
paraglider for sale,2021-12,23
paraglider for sale,2022-01,43
paraglider for sale,2022-02,35
paraglider for sale,2022-03,24
paraglider for sale,2022-04,27
paraglider for sale,2022-05,33
paraglider for sale,2022-06,35
paraglider for sale,2022-07,38
paraglider for sale,2022-08,44
paraglider for sale,2022-09,29
paraglider for sale,2022-10,25
paraglider for sale,2022-11,41
paraglider for sale,2022-12,25
paraglider for sale,2023-01,25
paraglider for sale,2023-02,29
paraglider for sale,2023-03,18
paraglider for sale,2023-04,26
paraglider for sale,2023-05,23
paraglider for sale,2023-06,28
paraglider for sale,2023-07,32
paraglider for sale,2023-08,28
paraglider for sale,2023-09,35
paraglider for sale,2023-10,43
paraglider for sale,2023-11,31
paraglider for sale,2023-12,23
paraglider for sale,2024-01,21
paraglider for sale,2024-02,27
paraglider for sale,2024-03,18
paraglider for sale,2024-04,27
paraglider for sale,2024-05,33
paraglider for sale,2024-06,28
paraglider for sale,2024-07,31
paraglider for sale,2024-08,27
paraglider for sale,2024-09,29
paraglider for sale,2024-10,26
paraglider for sale,2024-11,16
paraglider for sale,2024-12,18
climbing gear,2015-01,41
climbing gear,2015-02,43
climbing gear,2015-03,46
climbing gear,2015-04,49
climbing gear,2015-05,44
climbing gear,2015-06,40
climbing gear,2015-07,50
climbing gear,2015-08,46
climbing gear,2015-09,45
climbing gear,2015-10,43
climbing gear,2015-11,45
climbing gear,2015-12,45
climbing gear,2016-01,40
climbing gear,2016-02,43
climbing gear,2016-03,47
climbing gear,2016-04,42
climbing gear,2016-05,52
climbing gear,2016-06,43
climbing gear,2016-07,44
climbing gear,2016-08,44
climbing gear,2016-09,41
climbing gear,2016-10,43
climbing gear,2016-11,44
climbing gear,2016-12,44
climbing gear,2017-01,38
climbing gear,2017-02,42
climbing gear,2017-03,85
climbing gear,2017-04,76
climbing gear,2017-05,63
climbing gear,2017-06,63
climbing gear,2017-07,66
climbing gear,2017-08,57
climbing gear,2017-09,53
climbing gear,2017-10,54
climbing gear,2017-11,57
climbing gear,2017-12,65
climbing gear,2018-01,67
climbing gear,2018-02,59
climbing gear,2018-03,64
climbing gear,2018-04,56
climbing gear,2018-05,68
climbing gear,2018-06,81
climbing gear,2018-07,86
climbing gear,2018-08,77
climbing gear,2018-09,70
climbing gear,2018-10,74
climbing gear,2018-11,78
climbing gear,2018-12,63
climbing gear,2019-01,57
climbing gear,2019-02,56
climbing gear,2019-03,65
climbing gear,2019-04,57
climbing gear,2019-05,54
climbing gear,2019-06,60
climbing gear,2019-07,59
climbing gear,2019-08,54
climbing gear,2019-09,49
climbing gear,2019-10,50
climbing gear,2019-11,53
climbing gear,2019-12,54
climbing gear,2020-01,57
climbing gear,2020-02,52
climbing gear,2020-03,51
climbing gear,2020-04,56
climbing gear,2020-05,58
climbing gear,2020-06,53
climbing gear,2020-07,48
climbing gear,2020-08,50
climbing gear,2020-09,48
climbing gear,2020-10,48
climbing gear,2020-11,50
climbing gear,2020-12,51
climbing gear,2021-01,50
climbing gear,2021-02,47
climbing gear,2021-03,46
climbing gear,2021-04,47
climbing gear,2021-05,43
climbing gear,2021-06,45
climbing gear,2021-07,45
climbing gear,2021-08,43
climbing gear,2021-09,39
climbing gear,2021-10,40
climbing gear,2021-11,41
climbing gear,2021-12,45
climbing gear,2022-01,49
climbing gear,2022-02,47
climbing gear,2022-03,43
climbing gear,2022-04,43
climbing gear,2022-05,48
climbing gear,2022-06,45
climbing gear,2022-07,45
climbing gear,2022-08,45
climbing gear,2022-09,46
climbing gear,2022-10,46
climbing gear,2022-11,47
climbing gear,2022-12,45
climbing gear,2023-01,45
climbing gear,2023-02,47
climbing gear,2023-03,45
climbing gear,2023-04,50
climbing gear,2023-05,100
climbing gear,2023-06,98
climbing gear,2023-07,67
climbing gear,2023-08,52
climbing gear,2023-09,41
climbing gear,2023-10,40
climbing gear,2023-11,41
climbing gear,2023-12,42
climbing gear,2024-01,38
climbing gear,2024-02,35
climbing gear,2024-03,37
climbing gear,2024-04,36
climbing gear,2024-05,37
climbing gear,2024-06,41
climbing gear,2024-07,38
climbing gear,2024-08,42
climbing gear,2024-09,37
climbing gear,2024-10,39
climbing gear,2024-11,38
climbing gear,2024-12,39
buy climbing harness,2015-01,0
buy climbing harness,2015-02,0
buy climbing harness,2015-03,0
buy climbing harness,2015-04,0
buy climbing harness,2015-05,0
buy climbing harness,2015-06,0
buy climbing harness,2015-07,0
buy climbing harness,2015-08,100
buy climbing harness,2015-09,0
buy climbing harness,2015-10,0
buy climbing harness,2015-11,0
buy climbing harness,2015-12,0
buy climbing harness,2016-01,0
buy climbing harness,2016-02,0
buy climbing harness,2016-03,0
buy climbing harness,2016-04,0
buy climbing harness,2016-05,0
buy climbing harness,2016-06,0
buy climbing harness,2016-07,0
buy climbing harness,2016-08,0
buy climbing harness,2016-09,0
buy climbing harness,2016-10,0
buy climbing harness,2016-11,0
buy climbing harness,2016-12,0
buy climbing harness,2017-01,0
buy climbing harness,2017-02,0
buy climbing harness,2017-03,0
buy climbing harness,2017-04,73
buy climbing harness,2017-05,0
buy climbing harness,2017-06,0
buy climbing harness,2017-07,0
buy climbing harness,2017-08,0
buy climbing harness,2017-09,0
buy climbing harness,2017-10,0
buy climbing harness,2017-11,0
buy climbing harness,2017-12,0
buy climbing harness,2018-01,0
buy climbing harness,2018-02,0
buy climbing harness,2018-03,0
buy climbing harness,2018-04,0
buy climbing harness,2018-05,0
buy climbing harness,2018-06,0
buy climbing harness,2018-07,0
buy climbing harness,2018-08,0
buy climbing harness,2018-09,0
buy climbing harness,2018-10,0
buy climbing harness,2018-11,0
buy climbing harness,2018-12,0
buy climbing harness,2019-01,0
buy climbing harness,2019-02,75
buy climbing harness,2019-03,0
buy climbing harness,2019-04,0
buy climbing harness,2019-05,0
buy climbing harness,2019-06,0
buy climbing harness,2019-07,0
buy climbing harness,2019-08,0
buy climbing harness,2019-09,0
buy climbing harness,2019-10,0
buy climbing harness,2019-11,0
buy climbing harness,2019-12,0
buy climbing harness,2020-01,0
buy climbing harness,2020-02,0
buy climbing harness,2020-03,0
buy climbing harness,2020-04,0
buy climbing harness,2020-05,0
buy climbing harness,2020-06,0
buy climbing harness,2020-07,0
buy climbing harness,2020-08,0
buy climbing harness,2020-09,0
buy climbing harness,2020-10,0
buy climbing harness,2020-11,0
buy climbing harness,2020-12,0
buy climbing harness,2021-01,0
buy climbing harness,2021-02,0
buy climbing harness,2021-03,0
buy climbing harness,2021-04,0
buy climbing harness,2021-05,0
buy climbing harness,2021-06,0
buy climbing harness,2021-07,0
buy climbing harness,2021-08,0
buy climbing harness,2021-09,0
buy climbing harness,2021-10,0
buy climbing harness,2021-11,0
buy climbing harness,2021-12,0
buy climbing harness,2022-01,0
buy climbing harness,2022-02,0
buy climbing harness,2022-03,0
buy climbing harness,2022-04,0
buy climbing harness,2022-05,0
buy climbing harness,2022-06,0
buy climbing harness,2022-07,0
buy climbing harness,2022-08,0
buy climbing harness,2022-09,0
buy climbing harness,2022-10,0
buy climbing harness,2022-11,0
buy climbing harness,2022-12,0
buy climbing harness,2023-01,0
buy climbing harness,2023-02,66
buy climbing harness,2023-03,0
buy climbing harness,2023-04,0
buy climbing harness,2023-05,0
buy climbing harness,2023-06,0
buy climbing harness,2023-07,0
buy climbing harness,2023-08,0
buy climbing harness,2023-09,0
buy climbing harness,2023-10,0
buy climbing harness,2023-11,0
buy climbing harness,2023-12,0
buy climbing harness,2024-01,0
buy climbing harness,2024-02,0
buy climbing harness,2024-03,0
buy climbing harness,2024-04,0
buy climbing harness,2024-05,0
buy climbing harness,2024-06,0
buy climbing harness,2024-07,0
buy climbing harness,2024-08,0
buy climbing harness,2024-09,66
buy climbing harness,2024-10,0
buy climbing harness,2024-11,0
buy climbing harness,2024-12,0
climbing equipment,2015-01,73
climbing equipment,2015-02,70
climbing equipment,2015-03,71
climbing equipment,2015-04,77
climbing equipment,2015-05,72
climbing equipment,2015-06,74
climbing equipment,2015-07,83
climbing equipment,2015-08,87
climbing equipment,2015-09,76
climbing equipment,2015-10,73
climbing equipment,2015-11,84
climbing equipment,2015-12,72
climbing equipment,2016-01,78
climbing equipment,2016-02,66
climbing equipment,2016-03,85
climbing equipment,2016-04,73
climbing equipment,2016-05,81
climbing equipment,2016-06,73
climbing equipment,2016-07,75
climbing equipment,2016-08,64
climbing equipment,2016-09,68
climbing equipment,2016-10,71
climbing equipment,2016-11,74
climbing equipment,2016-12,66
climbing equipment,2017-01,71
climbing equipment,2017-02,76
climbing equipment,2017-03,73
climbing equipment,2017-04,82
climbing equipment,2017-05,71
climbing equipment,2017-06,76
climbing equipment,2017-07,77
climbing equipment,2017-08,61
climbing equipment,2017-09,75
climbing equipment,2017-10,81
climbing equipment,2017-11,76
climbing equipment,2017-12,78
climbing equipment,2018-01,68
climbing equipment,2018-02,81
climbing equipment,2018-03,71
climbing equipment,2018-04,73
climbing equipment,2018-05,79
climbing equipment,2018-06,87
climbing equipment,2018-07,83
climbing equipment,2018-08,76
climbing equipment,2018-09,82
climbing equipment,2018-10,76
climbing equipment,2018-11,84
climbing equipment,2018-12,68
climbing equipment,2019-01,73
climbing equipment,2019-02,71
climbing equipment,2019-03,86
climbing equipment,2019-04,72
climbing equipment,2019-05,76
climbing equipment,2019-06,75
climbing equipment,2019-07,75
climbing equipment,2019-08,78
climbing equipment,2019-09,72
climbing equipment,2019-10,72
climbing equipment,2019-11,73
climbing equipment,2019-12,80
climbing equipment,2020-01,69
climbing equipment,2020-02,68
climbing equipment,2020-03,70
climbing equipment,2020-04,86
climbing equipment,2020-05,75
climbing equipment,2020-06,73
climbing equipment,2020-07,82
climbing equipment,2020-08,72
climbing equipment,2020-09,81
climbing equipment,2020-10,81
climbing equipment,2020-11,100
climbing equipment,2020-12,76
climbing equipment,2021-01,65
climbing equipment,2021-02,66
climbing equipment,2021-03,78
climbing equipment,2021-04,73
climbing equipment,2021-05,57
climbing equipment,2021-06,68
climbing equipment,2021-07,65
climbing equipment,2021-08,57
climbing equipment,2021-09,63
climbing equipment,2021-10,66
climbing equipment,2021-11,81
climbing equipment,2021-12,66
climbing equipment,2022-01,80
climbing equipment,2022-02,83
climbing equipment,2022-03,82
climbing equipment,2022-04,82
climbing equipment,2022-05,76
climbing equipment,2022-06,73
climbing equipment,2022-07,73
climbing equipment,2022-08,78
climbing equipment,2022-09,84
climbing equipment,2022-10,88
climbing equipment,2022-11,74
climbing equipment,2022-12,69
climbing equipment,2023-01,73
climbing equipment,2023-02,72
climbing equipment,2023-03,82
climbing equipment,2023-04,70
climbing equipment,2023-05,75
climbing equipment,2023-06,70
climbing equipment,2023-07,68
climbing equipment,2023-08,74
climbing equipment,2023-09,72
climbing equipment,2023-10,75
climbing equipment,2023-11,75
climbing equipment,2023-12,69
climbing equipment,2024-01,68
climbing equipment,2024-02,70
climbing equipment,2024-03,77
climbing equipment,2024-04,79
climbing equipment,2024-05,72
climbing equipment,2024-06,78
climbing equipment,2024-07,66
climbing equipment,2024-08,95
climbing equipment,2024-09,91
climbing equipment,2024-10,78
climbing equipment,2024-11,85
climbing equipment,2024-12,87
buy surfboard,2015-01,53
buy surfboard,2015-02,67
buy surfboard,2015-03,59
buy surfboard,2015-04,57
buy surfboard,2015-05,64
buy surfboard,2015-06,65
buy surfboard,2015-07,94
buy surfboard,2015-08,100
buy surfboard,2015-09,79
buy surfboard,2015-10,64
buy surfboard,2015-11,69
buy surfboard,2015-12,67
buy surfboard,2016-01,63
buy surfboard,2016-02,67
buy surfboard,2016-03,62
buy surfboard,2016-04,63
buy surfboard,2016-05,58
buy surfboard,2016-06,75
buy surfboard,2016-07,74
buy surfboard,2016-08,69
buy surfboard,2016-09,67
buy surfboard,2016-10,53
buy surfboard,2016-11,45
buy surfboard,2016-12,48
buy surfboard,2017-01,48
buy surfboard,2017-02,44
buy surfboard,2017-03,41
buy surfboard,2017-04,38
buy surfboard,2017-05,52
buy surfboard,2017-06,60
buy surfboard,2017-07,71
buy surfboard,2017-08,53
buy surfboard,2017-09,56
buy surfboard,2017-10,40
buy surfboard,2017-11,49
buy surfboard,2017-12,52
buy surfboard,2018-01,47
buy surfboard,2018-02,39
buy surfboard,2018-03,39
buy surfboard,2018-04,37
buy surfboard,2018-05,45
buy surfboard,2018-06,60
buy surfboard,2018-07,71
buy surfboard,2018-08,63
buy surfboard,2018-09,41
buy surfboard,2018-10,34
buy surfboard,2018-11,32
buy surfboard,2018-12,31
buy surfboard,2019-01,34
buy surfboard,2019-02,33
buy surfboard,2019-03,28
buy surfboard,2019-04,32
buy surfboard,2019-05,35
buy surfboard,2019-06,45
buy surfboard,2019-07,48
buy surfboard,2019-08,51
buy surfboard,2019-09,34
buy surfboard,2019-10,30
buy surfboard,2019-11,28
buy surfboard,2019-12,37
buy surfboard,2020-01,31
buy surfboard,2020-02,28
buy surfboard,2020-03,34
buy surfboard,2020-04,41
buy surfboard,2020-05,63
buy surfboard,2020-06,69
buy surfboard,2020-07,88
buy surfboard,2020-08,83
buy surfboard,2020-09,58
buy surfboard,2020-10,41
buy surfboard,2020-11,38
buy surfboard,2020-12,38
buy surfboard,2021-01,40
buy surfboard,2021-02,36
buy surfboard,2021-03,29
buy surfboard,2021-04,38
buy surfboard,2021-05,45
buy surfboard,2021-06,40
buy surfboard,2021-07,49
buy surfboard,2021-08,44
buy surfboard,2021-09,38
buy surfboard,2021-10,23
buy surfboard,2021-11,27
buy surfboard,2021-12,19
buy surfboard,2022-01,30
buy surfboard,2022-02,32
buy surfboard,2022-03,27
buy surfboard,2022-04,26
buy surfboard,2022-05,27
buy surfboard,2022-06,34
buy surfboard,2022-07,46
buy surfboard,2022-08,39
buy surfboard,2022-09,30
buy surfboard,2022-10,22
buy surfboard,2022-11,30
buy surfboard,2022-12,26
buy surfboard,2023-01,19
buy surfboard,2023-02,27
buy surfboard,2023-03,23
buy surfboard,2023-04,22
buy surfboard,2023-05,28
buy surfboard,2023-06,36
buy surfboard,2023-07,38
buy surfboard,2023-08,30
buy surfboard,2023-09,27
buy surfboard,2023-10,20
buy surfboard,2023-11,23
buy surfboard,2023-12,20
buy surfboard,2024-01,26
buy surfboard,2024-02,28
buy surfboard,2024-03,20
buy surfboard,2024-04,22
buy surfboard,2024-05,27
buy surfboard,2024-06,28
buy surfboard,2024-07,35
buy surfboard,2024-08,30
buy surfboard,2024-09,29
buy surfboard,2024-10,17
buy surfboard,2024-11,26
buy surfboard,2024-12,20
surf gear,2015-01,46
surf gear,2015-02,62
surf gear,2015-03,55
surf gear,2015-04,65
surf gear,2015-05,66
surf gear,2015-06,77
surf gear,2015-07,94
surf gear,2015-08,77
surf gear,2015-09,70
surf gear,2015-10,47
surf gear,2015-11,48
surf gear,2015-12,61
surf gear,2016-01,55
surf gear,2016-02,63
surf gear,2016-03,62
surf gear,2016-04,67
surf gear,2016-05,77
surf gear,2016-06,74
surf gear,2016-07,100
surf gear,2016-08,64
surf gear,2016-09,52
surf gear,2016-10,48
surf gear,2016-11,55
surf gear,2016-12,64
surf gear,2017-01,57
surf gear,2017-02,60
surf gear,2017-03,64
surf gear,2017-04,64
surf gear,2017-05,70
surf gear,2017-06,79
surf gear,2017-07,86
surf gear,2017-08,62
surf gear,2017-09,66
surf gear,2017-10,48
surf gear,2017-11,68
surf gear,2017-12,53
surf gear,2018-01,48
surf gear,2018-02,52
surf gear,2018-03,52
surf gear,2018-04,55
surf gear,2018-05,62
surf gear,2018-06,76
surf gear,2018-07,80
surf gear,2018-08,68
surf gear,2018-09,53
surf gear,2018-10,34
surf gear,2018-11,48
surf gear,2018-12,56
surf gear,2019-01,42
surf gear,2019-02,40
surf gear,2019-03,45
surf gear,2019-04,50
surf gear,2019-05,61
surf gear,2019-06,69
surf gear,2019-07,68
surf gear,2019-08,54
surf gear,2019-09,41
surf gear,2019-10,40
surf gear,2019-11,41
surf gear,2019-12,47
surf gear,2020-01,38
surf gear,2020-02,43
surf gear,2020-03,33
surf gear,2020-04,40
surf gear,2020-05,80
surf gear,2020-06,84
surf gear,2020-07,82
surf gear,2020-08,64
surf gear,2020-09,45
surf gear,2020-10,37
surf gear,2020-11,47
surf gear,2020-12,44
surf gear,2021-01,40
surf gear,2021-02,37
surf gear,2021-03,51
surf gear,2021-04,55
surf gear,2021-05,53
surf gear,2021-06,70
surf gear,2021-07,66
surf gear,2021-08,60
surf gear,2021-09,51
surf gear,2021-10,39
surf gear,2021-11,47
surf gear,2021-12,45
surf gear,2022-01,34
surf gear,2022-02,43
surf gear,2022-03,42
surf gear,2022-04,48
surf gear,2022-05,54
surf gear,2022-06,71
surf gear,2022-07,83
surf gear,2022-08,59
surf gear,2022-09,37
surf gear,2022-10,36
surf gear,2022-11,34
surf gear,2022-12,47
surf gear,2023-01,37
surf gear,2023-02,41
surf gear,2023-03,38
surf gear,2023-04,37
surf gear,2023-05,49
surf gear,2023-06,57
surf gear,2023-07,68
surf gear,2023-08,50
surf gear,2023-09,46
surf gear,2023-10,40
surf gear,2023-11,42
surf gear,2023-12,41
surf gear,2024-01,34
surf gear,2024-02,29
surf gear,2024-03,33
surf gear,2024-04,42
surf gear,2024-05,42
surf gear,2024-06,63
surf gear,2024-07,59
surf gear,2024-08,45
surf gear,2024-09,44
surf gear,2024-10,33
surf gear,2024-11,44
surf gear,2024-12,42
surfboard for sale,2015-01,28
surfboard for sale,2015-02,33
surfboard for sale,2015-03,42
surfboard for sale,2015-04,39
surfboard for sale,2015-05,45
surfboard for sale,2015-06,48
surfboard for sale,2015-07,84
surfboard for sale,2015-08,66
surfboard for sale,2015-09,49
surfboard for sale,2015-10,34
surfboard for sale,2015-11,31
surfboard for sale,2015-12,39
surfboard for sale,2016-01,40
surfboard for sale,2016-02,39
surfboard for sale,2016-03,52
surfboard for sale,2016-04,45
surfboard for sale,2016-05,48
surfboard for sale,2016-06,71
surfboard for sale,2016-07,67
surfboard for sale,2016-08,52
surfboard for sale,2016-09,40
surfboard for sale,2016-10,38
surfboard for sale,2016-11,35
surfboard for sale,2016-12,32
surfboard for sale,2017-01,33
surfboard for sale,2017-02,27
surfboard for sale,2017-03,37
surfboard for sale,2017-04,48
surfboard for sale,2017-05,46
surfboard for sale,2017-06,49
surfboard for sale,2017-07,55
surfboard for sale,2017-08,50
surfboard for sale,2017-09,44
surfboard for sale,2017-10,35
surfboard for sale,2017-11,28
surfboard for sale,2017-12,34
surfboard for sale,2018-01,27
surfboard for sale,2018-02,31
surfboard for sale,2018-03,32
surfboard for sale,2018-04,34
surfboard for sale,2018-05,43
surfboard for sale,2018-06,46
surfboard for sale,2018-07,69
surfboard for sale,2018-08,61
surfboard for sale,2018-09,39
surfboard for sale,2018-10,34
surfboard for sale,2018-11,28
surfboard for sale,2018-12,31
surfboard for sale,2019-01,27
surfboard for sale,2019-02,24
surfboard for sale,2019-03,34
surfboard for sale,2019-04,31
surfboard for sale,2019-05,35
surfboard for sale,2019-06,42
surfboard for sale,2019-07,49
surfboard for sale,2019-08,47
surfboard for sale,2019-09,38
surfboard for sale,2019-10,33
surfboard for sale,2019-11,27
surfboard for sale,2019-12,27
surfboard for sale,2020-01,27
surfboard for sale,2020-02,25
surfboard for sale,2020-03,28
surfboard for sale,2020-04,37
surfboard for sale,2020-05,70
surfboard for sale,2020-06,84
surfboard for sale,2020-07,100
surfboard for sale,2020-08,86
surfboard for sale,2020-09,70
surfboard for sale,2020-10,45
surfboard for sale,2020-11,38
surfboard for sale,2020-12,39
surfboard for sale,2021-01,36
surfboard for sale,2021-02,35
surfboard for sale,2021-03,44
surfboard for sale,2021-04,36
surfboard for sale,2021-05,41
surfboard for sale,2021-06,50
surfboard for sale,2021-07,57
surfboard for sale,2021-08,53
surfboard for sale,2021-09,45
surfboard for sale,2021-10,36
surfboard for sale,2021-11,30
surfboard for sale,2021-12,27
surfboard for sale,2022-01,25
surfboard for sale,2022-02,28
surfboard for sale,2022-03,29
surfboard for sale,2022-04,32
surfboard for sale,2022-05,34
surfboard for sale,2022-06,38
surfboard for sale,2022-07,45
surfboard for sale,2022-08,43
surfboard for sale,2022-09,35
surfboard for sale,2022-10,26
surfboard for sale,2022-11,24
surfboard for sale,2022-12,20
surfboard for sale,2023-01,21
surfboard for sale,2023-02,27
surfboard for sale,2023-03,21
surfboard for sale,2023-04,28
surfboard for sale,2023-05,31
surfboard for sale,2023-06,32
surfboard for sale,2023-07,42
surfboard for sale,2023-08,34
surfboard for sale,2023-09,23
surfboard for sale,2023-10,20
surfboard for sale,2023-11,22
surfboard for sale,2023-12,16
surfboard for sale,2024-01,19
surfboard for sale,2024-02,22
surfboard for sale,2024-03,21
surfboard for sale,2024-04,22
surfboard for sale,2024-05,26
surfboard for sale,2024-06,26
surfboard for sale,2024-07,28
surfboard for sale,2024-08,28
surfboard for sale,2024-09,26
surfboard for sale,2024-10,18
surfboard for sale,2024-11,22
surfboard for sale,2024-12,20
buy snowboard,2015-01,79
buy snowboard,2015-02,54
buy snowboard,2015-03,25
buy snowboard,2015-04,8
buy snowboard,2015-05,5
buy snowboard,2015-06,6
buy snowboard,2015-07,9
buy snowboard,2015-08,15
buy snowboard,2015-09,18
buy snowboard,2015-10,23
buy snowboard,2015-11,56
buy snowboard,2015-12,83
buy snowboard,2016-01,85
buy snowboard,2016-02,51
buy snowboard,2016-03,24
buy snowboard,2016-04,10
buy snowboard,2016-05,12
buy snowboard,2016-06,7
buy snowboard,2016-07,14
buy snowboard,2016-08,12
buy snowboard,2016-09,16
buy snowboard,2016-10,24
buy snowboard,2016-11,54
buy snowboard,2016-12,95
buy snowboard,2017-01,91
buy snowboard,2017-02,54
buy snowboard,2017-03,25
buy snowboard,2017-04,12
buy snowboard,2017-05,9
buy snowboard,2017-06,7
buy snowboard,2017-07,12
buy snowboard,2017-08,13
buy snowboard,2017-09,17
buy snowboard,2017-10,25
buy snowboard,2017-11,54
buy snowboard,2017-12,69
buy snowboard,2018-01,72
buy snowboard,2018-02,74
buy snowboard,2018-03,30
buy snowboard,2018-04,12
buy snowboard,2018-05,7
buy snowboard,2018-06,8
buy snowboard,2018-07,8
buy snowboard,2018-08,12
buy snowboard,2018-09,18
buy snowboard,2018-10,21
buy snowboard,2018-11,47
buy snowboard,2018-12,76
buy snowboard,2019-01,73
buy snowboard,2019-02,55
buy snowboard,2019-03,30
buy snowboard,2019-04,12
buy snowboard,2019-05,7
buy snowboard,2019-06,8
buy snowboard,2019-07,6
buy snowboard,2019-08,13
buy snowboard,2019-09,16
buy snowboard,2019-10,24
buy snowboard,2019-11,49
buy snowboard,2019-12,75
buy snowboard,2020-01,66
buy snowboard,2020-02,49
buy snowboard,2020-03,19
buy snowboard,2020-04,6
buy snowboard,2020-05,6
buy snowboard,2020-06,8
buy snowboard,2020-07,8
buy snowboard,2020-08,9
buy snowboard,2020-09,15
buy snowboard,2020-10,23
buy snowboard,2020-11,45
buy snowboard,2020-12,85
buy snowboard,2021-01,100
buy snowboard,2021-02,93
buy snowboard,2021-03,37
buy snowboard,2021-04,13
buy snowboard,2021-05,10
buy snowboard,2021-06,6
buy snowboard,2021-07,8
buy snowboard,2021-08,14
buy snowboard,2021-09,21
buy snowboard,2021-10,33
buy snowboard,2021-11,58
buy snowboard,2021-12,76
buy snowboard,2022-01,92
buy snowboard,2022-02,76
buy snowboard,2022-03,35
buy snowboard,2022-04,15
buy snowboard,2022-05,8
buy snowboard,2022-06,9
buy snowboard,2022-07,10
buy snowboard,2022-08,14
buy snowboard,2022-09,16
buy snowboard,2022-10,21
buy snowboard,2022-11,53
buy snowboard,2022-12,76
buy snowboard,2023-01,69
buy snowboard,2023-02,52
buy snowboard,2023-03,27
buy snowboard,2023-04,18
buy snowboard,2023-05,10
buy snowboard,2023-06,7
buy snowboard,2023-07,7
buy snowboard,2023-08,11
buy snowboard,2023-09,20
buy snowboard,2023-10,24
buy snowboard,2023-11,47
buy snowboard,2023-12,69
buy snowboard,2024-01,73
buy snowboard,2024-02,52
buy snowboard,2024-03,27
buy snowboard,2024-04,13
buy snowboard,2024-05,8
buy snowboard,2024-06,10
buy snowboard,2024-07,8
buy snowboard,2024-08,10
buy snowboard,2024-09,18
buy snowboard,2024-10,22
buy snowboard,2024-11,50
buy snowboard,2024-12,79
snowboard equipment,2015-01,74
snowboard equipment,2015-02,62
snowboard equipment,2015-03,31
snowboard equipment,2015-04,0
snowboard equipment,2015-05,0
snowboard equipment,2015-06,0
snowboard equipment,2015-07,0
snowboard equipment,2015-08,12
snowboard equipment,2015-09,12
snowboard equipment,2015-10,38
snowboard equipment,2015-11,34
snowboard equipment,2015-12,78
snowboard equipment,2016-01,70
snowboard equipment,2016-02,47
snowboard equipment,2016-03,30
snowboard equipment,2016-04,16
snowboard equipment,2016-05,13
snowboard equipment,2016-06,9
snowboard equipment,2016-07,0
snowboard equipment,2016-08,10
snowboard equipment,2016-09,22
snowboard equipment,2016-10,17
snowboard equipment,2016-11,43
snowboard equipment,2016-12,90
snowboard equipment,2017-01,79
snowboard equipment,2017-02,61
snowboard equipment,2017-03,30
snowboard equipment,2017-04,16
snowboard equipment,2017-05,9
snowboard equipment,2017-06,9
snowboard equipment,2017-07,9
snowboard equipment,2017-08,16
snowboard equipment,2017-09,20
snowboard equipment,2017-10,21
snowboard equipment,2017-11,48
snowboard equipment,2017-12,75
snowboard equipment,2018-01,62
snowboard equipment,2018-02,100
snowboard equipment,2018-03,42
snowboard equipment,2018-04,15
snowboard equipment,2018-05,15
snowboard equipment,2018-06,16
snowboard equipment,2018-07,11
snowboard equipment,2018-08,11
snowboard equipment,2018-09,19
snowboard equipment,2018-10,30
snowboard equipment,2018-11,47
snowboard equipment,2018-12,85
snowboard equipment,2019-01,68
snowboard equipment,2019-02,50
snowboard equipment,2019-03,21
snowboard equipment,2019-04,12
snowboard equipment,2019-05,0
snowboard equipment,2019-06,9
snowboard equipment,2019-07,0
snowboard equipment,2019-08,7
snowboard equipment,2019-09,16
snowboard equipment,2019-10,24
snowboard equipment,2019-11,41
snowboard equipment,2019-12,70
snowboard equipment,2020-01,64
snowboard equipment,2020-02,46
snowboard equipment,2020-03,11
snowboard equipment,2020-04,6
snowboard equipment,2020-05,6
snowboard equipment,2020-06,8
snowboard equipment,2020-07,9
snowboard equipment,2020-08,8
snowboard equipment,2020-09,12
snowboard equipment,2020-10,16
snowboard equipment,2020-11,34
snowboard equipment,2020-12,82
snowboard equipment,2021-01,89
snowboard equipment,2021-02,73
snowboard equipment,2021-03,36
snowboard equipment,2021-04,8
snowboard equipment,2021-05,9
snowboard equipment,2021-06,8
snowboard equipment,2021-07,0
snowboard equipment,2021-08,16
snowboard equipment,2021-09,13
snowboard equipment,2021-10,29
snowboard equipment,2021-11,42
snowboard equipment,2021-12,86
snowboard equipment,2022-01,93
snowboard equipment,2022-02,90
snowboard equipment,2022-03,28
snowboard equipment,2022-04,0
snowboard equipment,2022-05,10
snowboard equipment,2022-06,11
snowboard equipment,2022-07,7
snowboard equipment,2022-08,6
snowboard equipment,2022-09,16
snowboard equipment,2022-10,20
snowboard equipment,2022-11,51
snowboard equipment,2022-12,74
snowboard equipment,2023-01,63
snowboard equipment,2023-02,41
snowboard equipment,2023-03,29
snowboard equipment,2023-04,11
snowboard equipment,2023-05,0
snowboard equipment,2023-06,9
snowboard equipment,2023-07,7
snowboard equipment,2023-08,12
snowboard equipment,2023-09,16
snowboard equipment,2023-10,21
snowboard equipment,2023-11,40
snowboard equipment,2023-12,63
snowboard equipment,2024-01,64
snowboard equipment,2024-02,44
snowboard equipment,2024-03,25
snowboard equipment,2024-04,9
snowboard equipment,2024-05,0
snowboard equipment,2024-06,8
snowboard equipment,2024-07,9
snowboard equipment,2024-08,0
snowboard equipment,2024-09,15
snowboard equipment,2024-10,21
snowboard equipment,2024-11,42
snowboard equipment,2024-12,60
snowboard gear,2015-01,88
snowboard gear,2015-02,48
snowboard gear,2015-03,23
snowboard gear,2015-04,6
snowboard gear,2015-05,5
snowboard gear,2015-06,5
snowboard gear,2015-07,7
snowboard gear,2015-08,14
snowboard gear,2015-09,21
snowboard gear,2015-10,32
snowboard gear,2015-11,67
snowboard gear,2015-12,92
snowboard gear,2016-01,94
snowboard gear,2016-02,48
snowboard gear,2016-03,22
snowboard gear,2016-04,10
snowboard gear,2016-05,7
snowboard gear,2016-06,7
snowboard gear,2016-07,10
snowboard gear,2016-08,11
snowboard gear,2016-09,23
snowboard gear,2016-10,34
snowboard gear,2016-11,65
snowboard gear,2016-12,99
snowboard gear,2017-01,98
snowboard gear,2017-02,56
snowboard gear,2017-03,30
snowboard gear,2017-04,17
snowboard gear,2017-05,11
snowboard gear,2017-06,10
snowboard gear,2017-07,13
snowboard gear,2017-08,16
snowboard gear,2017-09,26
snowboard gear,2017-10,35
snowboard gear,2017-11,61
snowboard gear,2017-12,81
snowboard gear,2018-01,74
snowboard gear,2018-02,74
snowboard gear,2018-03,34
snowboard gear,2018-04,11
snowboard gear,2018-05,12
snowboard gear,2018-06,7
snowboard gear,2018-07,10
snowboard gear,2018-08,14
snowboard gear,2018-09,21
snowboard gear,2018-10,30
snowboard gear,2018-11,63
snowboard gear,2018-12,86
snowboard gear,2019-01,83
snowboard gear,2019-02,54
snowboard gear,2019-03,34
snowboard gear,2019-04,12
snowboard gear,2019-05,9
snowboard gear,2019-06,8
snowboard gear,2019-07,9
snowboard gear,2019-08,13
snowboard gear,2019-09,21
snowboard gear,2019-10,32
snowboard gear,2019-11,56
snowboard gear,2019-12,80
snowboard gear,2020-01,72
snowboard gear,2020-02,44
snowboard gear,2020-03,16
snowboard gear,2020-04,7
snowboard gear,2020-05,6
snowboard gear,2020-06,9
snowboard gear,2020-07,10
snowboard gear,2020-08,11
snowboard gear,2020-09,20
snowboard gear,2020-10,28
snowboard gear,2020-11,48
snowboard gear,2020-12,89
snowboard gear,2021-01,100
snowboard gear,2021-02,79
snowboard gear,2021-03,35
snowboard gear,2021-04,12
snowboard gear,2021-05,7
snowboard gear,2021-06,9
snowboard gear,2021-07,11
snowboard gear,2021-08,16
snowboard gear,2021-09,23
snowboard gear,2021-10,35
snowboard gear,2021-11,60
snowboard gear,2021-12,88
snowboard gear,2022-01,99
snowboard gear,2022-02,71
snowboard gear,2022-03,25
snowboard gear,2022-04,11
snowboard gear,2022-05,5
snowboard gear,2022-06,7
snowboard gear,2022-07,8
snowboard gear,2022-08,11
snowboard gear,2022-09,18
snowboard gear,2022-10,28
snowboard gear,2022-11,64
snowboard gear,2022-12,89
snowboard gear,2023-01,82
snowboard gear,2023-02,48
snowboard gear,2023-03,30
snowboard gear,2023-04,15
snowboard gear,2023-05,6
snowboard gear,2023-06,5
snowboard gear,2023-07,8
snowboard gear,2023-08,12
snowboard gear,2023-09,20
snowboard gear,2023-10,31
snowboard gear,2023-11,53
snowboard gear,2023-12,75
snowboard gear,2024-01,79
snowboard gear,2024-02,46
snowboard gear,2024-03,28
snowboard gear,2024-04,12
snowboard gear,2024-05,7
snowboard gear,2024-06,6
snowboard gear,2024-07,8
snowboard gear,2024-08,13
snowboard gear,2024-09,16
snowboard gear,2024-10,25
snowboard gear,2024-11,62
snowboard gear,2024-12,94
buy mountain bike,2015-01,17
buy mountain bike,2015-02,21
buy mountain bike,2015-03,27
buy mountain bike,2015-04,36
buy mountain bike,2015-05,36
buy mountain bike,2015-06,38
buy mountain bike,2015-07,44
buy mountain bike,2015-08,35
buy mountain bike,2015-09,34
buy mountain bike,2015-10,23
buy mountain bike,2015-11,20
buy mountain bike,2015-12,15
buy mountain bike,2016-01,18
buy mountain bike,2016-02,19
buy mountain bike,2016-03,29
buy mountain bike,2016-04,31
buy mountain bike,2016-05,33
buy mountain bike,2016-06,31
buy mountain bike,2016-07,35
buy mountain bike,2016-08,26
buy mountain bike,2016-09,28
buy mountain bike,2016-10,19
buy mountain bike,2016-11,21
buy mountain bike,2016-12,21
buy mountain bike,2017-01,17
buy mountain bike,2017-02,21
buy mountain bike,2017-03,24
buy mountain bike,2017-04,33
buy mountain bike,2017-05,36
buy mountain bike,2017-06,34
buy mountain bike,2017-07,46
buy mountain bike,2017-08,37
buy mountain bike,2017-09,34
buy mountain bike,2017-10,30
buy mountain bike,2017-11,26
buy mountain bike,2017-12,22
buy mountain bike,2018-01,17
buy mountain bike,2018-02,18
buy mountain bike,2018-03,23
buy mountain bike,2018-04,29
buy mountain bike,2018-05,31
buy mountain bike,2018-06,33
buy mountain bike,2018-07,35
buy mountain bike,2018-08,27
buy mountain bike,2018-09,24
buy mountain bike,2018-10,22
buy mountain bike,2018-11,23
buy mountain bike,2018-12,21
buy mountain bike,2019-01,17
buy mountain bike,2019-02,15
buy mountain bike,2019-03,23
buy mountain bike,2019-04,30
buy mountain bike,2019-05,26
buy mountain bike,2019-06,32
buy mountain bike,2019-07,34
buy mountain bike,2019-08,30
buy mountain bike,2019-09,26
buy mountain bike,2019-10,19
buy mountain bike,2019-11,20
buy mountain bike,2019-12,17
buy mountain bike,2020-01,17
buy mountain bike,2020-02,18
buy mountain bike,2020-03,27
buy mountain bike,2020-04,66
buy mountain bike,2020-05,100
buy mountain bike,2020-06,80
buy mountain bike,2020-07,77
buy mountain bike,2020-08,52
buy mountain bike,2020-09,42
buy mountain bike,2020-10,33
buy mountain bike,2020-11,32
buy mountain bike,2020-12,32
buy mountain bike,2021-01,23
buy mountain bike,2021-02,30
buy mountain bike,2021-03,42
buy mountain bike,2021-04,37
buy mountain bike,2021-05,38
buy mountain bike,2021-06,34
buy mountain bike,2021-07,32
buy mountain bike,2021-08,26
buy mountain bike,2021-09,26
buy mountain bike,2021-10,21
buy mountain bike,2021-11,21
buy mountain bike,2021-12,18
buy mountain bike,2022-01,21
buy mountain bike,2022-02,20
buy mountain bike,2022-03,29
buy mountain bike,2022-04,33
buy mountain bike,2022-05,28
buy mountain bike,2022-06,29
buy mountain bike,2022-07,30
buy mountain bike,2022-08,24
buy mountain bike,2022-09,24
buy mountain bike,2022-10,20
buy mountain bike,2022-11,21
buy mountain bike,2022-12,16
buy mountain bike,2023-01,14
buy mountain bike,2023-02,15
buy mountain bike,2023-03,18
buy mountain bike,2023-04,24
buy mountain bike,2023-05,24
buy mountain bike,2023-06,25
buy mountain bike,2023-07,24
buy mountain bike,2023-08,19
buy mountain bike,2023-09,16
buy mountain bike,2023-10,16
buy mountain bike,2023-11,20
buy mountain bike,2023-12,16
buy mountain bike,2024-01,12
buy mountain bike,2024-02,14
buy mountain bike,2024-03,18
buy mountain bike,2024-04,22
buy mountain bike,2024-05,22
buy mountain bike,2024-06,27
buy mountain bike,2024-07,23
buy mountain bike,2024-08,24
buy mountain bike,2024-09,21
buy mountain bike,2024-10,18
buy mountain bike,2024-11,16
buy mountain bike,2024-12,14
MTB gear,2015-01,34
MTB gear,2015-02,28
MTB gear,2015-03,27
MTB gear,2015-04,30
MTB gear,2015-05,34
MTB gear,2015-06,41
MTB gear,2015-07,34
MTB gear,2015-08,25
MTB gear,2015-09,22
MTB gear,2015-10,35
MTB gear,2015-11,27
MTB gear,2015-12,32
MTB gear,2016-01,26
MTB gear,2016-02,24
MTB gear,2016-03,28
MTB gear,2016-04,28
MTB gear,2016-05,52
MTB gear,2016-06,38
MTB gear,2016-07,47
MTB gear,2016-08,36
MTB gear,2016-09,40
MTB gear,2016-10,33
MTB gear,2016-11,37
MTB gear,2016-12,29
MTB gear,2017-01,28
MTB gear,2017-02,34
MTB gear,2017-03,26
MTB gear,2017-04,37
MTB gear,2017-05,43
MTB gear,2017-06,47
MTB gear,2017-07,47
MTB gear,2017-08,40
MTB gear,2017-09,39
MTB gear,2017-10,44
MTB gear,2017-11,43
MTB gear,2017-12,33
MTB gear,2018-01,33
MTB gear,2018-02,36
MTB gear,2018-03,38
MTB gear,2018-04,38
MTB gear,2018-05,39
MTB gear,2018-06,50
MTB gear,2018-07,55
MTB gear,2018-08,50
MTB gear,2018-09,42
MTB gear,2018-10,39
MTB gear,2018-11,39
MTB gear,2018-12,31
MTB gear,2019-01,26
MTB gear,2019-02,34
MTB gear,2019-03,40
MTB gear,2019-04,53
MTB gear,2019-05,48
MTB gear,2019-06,61
MTB gear,2019-07,66
MTB gear,2019-08,50
MTB gear,2019-09,40
MTB gear,2019-10,39
MTB gear,2019-11,37
MTB gear,2019-12,34
MTB gear,2020-01,34
MTB gear,2020-02,37
MTB gear,2020-03,39
MTB gear,2020-04,68
MTB gear,2020-05,100
MTB gear,2020-06,85
MTB gear,2020-07,86
MTB gear,2020-08,77
MTB gear,2020-09,68
MTB gear,2020-10,60
MTB gear,2020-11,77
MTB gear,2020-12,62
MTB gear,2021-01,50
MTB gear,2021-02,52
MTB gear,2021-03,65
MTB gear,2021-04,68
MTB gear,2021-05,62
MTB gear,2021-06,59
MTB gear,2021-07,56
MTB gear,2021-08,58
MTB gear,2021-09,54
MTB gear,2021-10,50
MTB gear,2021-11,55
MTB gear,2021-12,33
MTB gear,2022-01,45
MTB gear,2022-02,42
MTB gear,2022-03,40
MTB gear,2022-04,52
MTB gear,2022-05,55
MTB gear,2022-06,55
MTB gear,2022-07,58
MTB gear,2022-08,60
MTB gear,2022-09,53
MTB gear,2022-10,39
MTB gear,2022-11,44
MTB gear,2022-12,36
MTB gear,2023-01,31
MTB gear,2023-02,37
MTB gear,2023-03,36
MTB gear,2023-04,45
MTB gear,2023-05,44
MTB gear,2023-06,64
MTB gear,2023-07,67
MTB gear,2023-08,59
MTB gear,2023-09,46
MTB gear,2023-10,48
MTB gear,2023-11,40
MTB gear,2023-12,41
MTB gear,2024-01,36
MTB gear,2024-02,36
MTB gear,2024-03,42
MTB gear,2024-04,49
MTB gear,2024-05,55
MTB gear,2024-06,64
MTB gear,2024-07,72
MTB gear,2024-08,59
MTB gear,2024-09,56
MTB gear,2024-10,42
MTB gear,2024-11,51
MTB gear,2024-12,39
mountain bike for sale,2015-01,15
mountain bike for sale,2015-02,18
mountain bike for sale,2015-03,22
mountain bike for sale,2015-04,29
mountain bike for sale,2015-05,29
mountain bike for sale,2015-06,30
mountain bike for sale,2015-07,31
mountain bike for sale,2015-08,28
mountain bike for sale,2015-09,25
mountain bike for sale,2015-10,20
mountain bike for sale,2015-11,18
mountain bike for sale,2015-12,16
mountain bike for sale,2016-01,18
mountain bike for sale,2016-02,21
mountain bike for sale,2016-03,27
mountain bike for sale,2016-04,29
mountain bike for sale,2016-05,30
mountain bike for sale,2016-06,29
mountain bike for sale,2016-07,31
mountain bike for sale,2016-08,27
mountain bike for sale,2016-09,24
mountain bike for sale,2016-10,22
mountain bike for sale,2016-11,19
mountain bike for sale,2016-12,16
mountain bike for sale,2017-01,15
mountain bike for sale,2017-02,21
mountain bike for sale,2017-03,23
mountain bike for sale,2017-04,28
mountain bike for sale,2017-05,26
mountain bike for sale,2017-06,29
mountain bike for sale,2017-07,34
mountain bike for sale,2017-08,25
mountain bike for sale,2017-09,26
mountain bike for sale,2017-10,24
mountain bike for sale,2017-11,19
mountain bike for sale,2017-12,19
mountain bike for sale,2018-01,18
mountain bike for sale,2018-02,19
mountain bike for sale,2018-03,23
mountain bike for sale,2018-04,26
mountain bike for sale,2018-05,32
mountain bike for sale,2018-06,29
mountain bike for sale,2018-07,31
mountain bike for sale,2018-08,25
mountain bike for sale,2018-09,22
mountain bike for sale,2018-10,19
mountain bike for sale,2018-11,18
mountain bike for sale,2018-12,17
mountain bike for sale,2019-01,15
mountain bike for sale,2019-02,17
mountain bike for sale,2019-03,21
mountain bike for sale,2019-04,25
mountain bike for sale,2019-05,27
mountain bike for sale,2019-06,30
mountain bike for sale,2019-07,28
mountain bike for sale,2019-08,26
mountain bike for sale,2019-09,25
mountain bike for sale,2019-10,19
mountain bike for sale,2019-11,16
mountain bike for sale,2019-12,18
mountain bike for sale,2020-01,17
mountain bike for sale,2020-02,18
mountain bike for sale,2020-03,24
mountain bike for sale,2020-04,65
mountain bike for sale,2020-05,100
mountain bike for sale,2020-06,96
mountain bike for sale,2020-07,78
mountain bike for sale,2020-08,63
mountain bike for sale,2020-09,50
mountain bike for sale,2020-10,42
mountain bike for sale,2020-11,34
mountain bike for sale,2020-12,32
mountain bike for sale,2021-01,33
mountain bike for sale,2021-02,32
mountain bike for sale,2021-03,44
mountain bike for sale,2021-04,47
mountain bike for sale,2021-05,43
mountain bike for sale,2021-06,37
mountain bike for sale,2021-07,35
mountain bike for sale,2021-08,31
mountain bike for sale,2021-09,27
mountain bike for sale,2021-10,22
mountain bike for sale,2021-11,21
mountain bike for sale,2021-12,17
mountain bike for sale,2022-01,19
mountain bike for sale,2022-02,19
mountain bike for sale,2022-03,26
mountain bike for sale,2022-04,27
mountain bike for sale,2022-05,25
mountain bike for sale,2022-06,25
mountain bike for sale,2022-07,27
mountain bike for sale,2022-08,22
mountain bike for sale,2022-09,19
mountain bike for sale,2022-10,16
mountain bike for sale,2022-11,14
mountain bike for sale,2022-12,13
mountain bike for sale,2023-01,12
mountain bike for sale,2023-02,13
mountain bike for sale,2023-03,15
mountain bike for sale,2023-04,19
mountain bike for sale,2023-05,21
mountain bike for sale,2023-06,21
mountain bike for sale,2023-07,20
mountain bike for sale,2023-08,17
mountain bike for sale,2023-09,16
mountain bike for sale,2023-10,14
mountain bike for sale,2023-11,14
mountain bike for sale,2023-12,11
mountain bike for sale,2024-01,10
mountain bike for sale,2024-02,12
mountain bike for sale,2024-03,14
mountain bike for sale,2024-04,17
mountain bike for sale,2024-05,17
mountain bike for sale,2024-06,18
mountain bike for sale,2024-07,16
mountain bike for sale,2024-08,18
mountain bike for sale,2024-09,14
mountain bike for sale,2024-10,12
mountain bike for sale,2024-11,13
mountain bike for sale,2024-12,11
trail running shoes,2015-01,38
trail running shoes,2015-02,34
trail running shoes,2015-03,47
trail running shoes,2015-04,46
trail running shoes,2015-05,43
trail running shoes,2015-06,46
trail running shoes,2015-07,50
trail running shoes,2015-08,50
trail running shoes,2015-09,41
trail running shoes,2015-10,36
trail running shoes,2015-11,36
trail running shoes,2015-12,34
trail running shoes,2016-01,37
trail running shoes,2016-02,44
trail running shoes,2016-03,54
trail running shoes,2016-04,55
trail running shoes,2016-05,58
trail running shoes,2016-06,54
trail running shoes,2016-07,59
trail running shoes,2016-08,54
trail running shoes,2016-09,47
trail running shoes,2016-10,46
trail running shoes,2016-11,45
trail running shoes,2016-12,42
trail running shoes,2017-01,46
trail running shoes,2017-02,48
trail running shoes,2017-03,55
trail running shoes,2017-04,71
trail running shoes,2017-05,69
trail running shoes,2017-06,72
trail running shoes,2017-07,74
trail running shoes,2017-08,70
trail running shoes,2017-09,58
trail running shoes,2017-10,57
trail running shoes,2017-11,52
trail running shoes,2017-12,45
trail running shoes,2018-01,48
trail running shoes,2018-02,53
trail running shoes,2018-03,60
trail running shoes,2018-04,64
trail running shoes,2018-05,73
trail running shoes,2018-06,68
trail running shoes,2018-07,70
trail running shoes,2018-08,65
trail running shoes,2018-09,54
trail running shoes,2018-10,49
trail running shoes,2018-11,47
trail running shoes,2018-12,44
trail running shoes,2019-01,51
trail running shoes,2019-02,51
trail running shoes,2019-03,65
trail running shoes,2019-04,65
trail running shoes,2019-05,66
trail running shoes,2019-06,69
trail running shoes,2019-07,67
trail running shoes,2019-08,64
trail running shoes,2019-09,55
trail running shoes,2019-10,47
trail running shoes,2019-11,52
trail running shoes,2019-12,51
trail running shoes,2020-01,57
trail running shoes,2020-02,57
trail running shoes,2020-03,56
trail running shoes,2020-04,66
trail running shoes,2020-05,85
trail running shoes,2020-06,79
trail running shoes,2020-07,77
trail running shoes,2020-08,80
trail running shoes,2020-09,75
trail running shoes,2020-10,75
trail running shoes,2020-11,67
trail running shoes,2020-12,68
trail running shoes,2021-01,84
trail running shoes,2021-02,73
trail running shoes,2021-03,87
trail running shoes,2021-04,89
trail running shoes,2021-05,89
trail running shoes,2021-06,86
trail running shoes,2021-07,91
trail running shoes,2021-08,84
trail running shoes,2021-09,79
trail running shoes,2021-10,76
trail running shoes,2021-11,70
trail running shoes,2021-12,65
trail running shoes,2022-01,74
trail running shoes,2022-02,75
trail running shoes,2022-03,83
trail running shoes,2022-04,82
trail running shoes,2022-05,84
trail running shoes,2022-06,79
trail running shoes,2022-07,80
trail running shoes,2022-08,81
trail running shoes,2022-09,71
trail running shoes,2022-10,64
trail running shoes,2022-11,71
trail running shoes,2022-12,61
trail running shoes,2023-01,72
trail running shoes,2023-02,70
trail running shoes,2023-03,70
trail running shoes,2023-04,80
trail running shoes,2023-05,82
trail running shoes,2023-06,80
trail running shoes,2023-07,82
trail running shoes,2023-08,83
trail running shoes,2023-09,74
trail running shoes,2023-10,68
trail running shoes,2023-11,73
trail running shoes,2023-12,67
trail running shoes,2024-01,69
trail running shoes,2024-02,75
trail running shoes,2024-03,87
trail running shoes,2024-04,86
trail running shoes,2024-05,90
trail running shoes,2024-06,100
trail running shoes,2024-07,98
trail running shoes,2024-08,92
trail running shoes,2024-09,83
trail running shoes,2024-10,73
trail running shoes,2024-11,74
trail running shoes,2024-12,69
buy running gear,2015-01,0
buy running gear,2015-02,0
buy running gear,2015-03,0
buy running gear,2015-04,0
buy running gear,2015-05,0
buy running gear,2015-06,77
buy running gear,2015-07,0
buy running gear,2015-08,69
buy running gear,2015-09,0
buy running gear,2015-10,0
buy running gear,2015-11,100
buy running gear,2015-12,83
buy running gear,2016-01,0
buy running gear,2016-02,0
buy running gear,2016-03,0
buy running gear,2016-04,0
buy running gear,2016-05,0
buy running gear,2016-06,59
buy running gear,2016-07,0
buy running gear,2016-08,0
buy running gear,2016-09,56
buy running gear,2016-10,72
buy running gear,2016-11,70
buy running gear,2016-12,58
buy running gear,2017-01,64
buy running gear,2017-02,0
buy running gear,2017-03,48
buy running gear,2017-04,0
buy running gear,2017-05,0
buy running gear,2017-06,0
buy running gear,2017-07,64
buy running gear,2017-08,0
buy running gear,2017-09,55
buy running gear,2017-10,70
buy running gear,2017-11,61
buy running gear,2017-12,59
buy running gear,2018-01,0
buy running gear,2018-02,0
buy running gear,2018-03,0
buy running gear,2018-04,54
buy running gear,2018-05,0
buy running gear,2018-06,0
buy running gear,2018-07,58
buy running gear,2018-08,0
buy running gear,2018-09,0
buy running gear,2018-10,0
buy running gear,2018-11,47
buy running gear,2018-12,53
buy running gear,2019-01,0
buy running gear,2019-02,0
buy running gear,2019-03,54
buy running gear,2019-04,0
buy running gear,2019-05,0
buy running gear,2019-06,0
buy running gear,2019-07,44
buy running gear,2019-08,0
buy running gear,2019-09,0
buy running gear,2019-10,0
buy running gear,2019-11,0
buy running gear,2019-12,0
buy running gear,2020-01,0
buy running gear,2020-02,0
buy running gear,2020-03,0
buy running gear,2020-04,43
buy running gear,2020-05,42
buy running gear,2020-06,0
buy running gear,2020-07,0
buy running gear,2020-08,0
buy running gear,2020-09,0
buy running gear,2020-10,0
buy running gear,2020-11,0
buy running gear,2020-12,42
buy running gear,2021-01,0
buy running gear,2021-02,0
buy running gear,2021-03,0
buy running gear,2021-04,0
buy running gear,2021-05,0
buy running gear,2021-06,0
buy running gear,2021-07,0
buy running gear,2021-08,0
buy running gear,2021-09,0
buy running gear,2021-10,0
buy running gear,2021-11,49
buy running gear,2021-12,0
buy running gear,2022-01,0
buy running gear,2022-02,0
buy running gear,2022-03,0
buy running gear,2022-04,0
buy running gear,2022-05,0
buy running gear,2022-06,45
buy running gear,2022-07,0
buy running gear,2022-08,38
buy running gear,2022-09,42
buy running gear,2022-10,0
buy running gear,2022-11,37
buy running gear,2022-12,45
buy running gear,2023-01,40
buy running gear,2023-02,0
buy running gear,2023-03,0
buy running gear,2023-04,0
buy running gear,2023-05,0
buy running gear,2023-06,0
buy running gear,2023-07,0
buy running gear,2023-08,0
buy running gear,2023-09,60
buy running gear,2023-10,0
buy running gear,2023-11,0
buy running gear,2023-12,0
buy running gear,2024-01,0
buy running gear,2024-02,0
buy running gear,2024-03,0
buy running gear,2024-04,0
buy running gear,2024-05,0
buy running gear,2024-06,0
buy running gear,2024-07,0
buy running gear,2024-08,0
buy running gear,2024-09,59
buy running gear,2024-10,53
buy running gear,2024-11,46
buy running gear,2024-12,75
buy tent,2015-01,30
buy tent,2015-02,32
buy tent,2015-03,43
buy tent,2015-04,49
buy tent,2015-05,62
buy tent,2015-06,67
buy tent,2015-07,69
buy tent,2015-08,60
buy tent,2015-09,46
buy tent,2015-10,37
buy tent,2015-11,32
buy tent,2015-12,31
buy tent,2016-01,32
buy tent,2016-02,33
buy tent,2016-03,42
buy tent,2016-04,50
buy tent,2016-05,61
buy tent,2016-06,68
buy tent,2016-07,65
buy tent,2016-08,55
buy tent,2016-09,44
buy tent,2016-10,36
buy tent,2016-11,35
buy tent,2016-12,33
buy tent,2017-01,34
buy tent,2017-02,31
buy tent,2017-03,42
buy tent,2017-04,50
buy tent,2017-05,61
buy tent,2017-06,63
buy tent,2017-07,70
buy tent,2017-08,53
buy tent,2017-09,44
buy tent,2017-10,38
buy tent,2017-11,41
buy tent,2017-12,37
buy tent,2018-01,27
buy tent,2018-02,29
buy tent,2018-03,37
buy tent,2018-04,42
buy tent,2018-05,55
buy tent,2018-06,63
buy tent,2018-07,63
buy tent,2018-08,51
buy tent,2018-09,42
buy tent,2018-10,34
buy tent,2018-11,32
buy tent,2018-12,32
buy tent,2019-01,28
buy tent,2019-02,30
buy tent,2019-03,35
buy tent,2019-04,40
buy tent,2019-05,53
buy tent,2019-06,60
buy tent,2019-07,58
buy tent,2019-08,49
buy tent,2019-09,36
buy tent,2019-10,32
buy tent,2019-11,32
buy tent,2019-12,32
buy tent,2020-01,28
buy tent,2020-02,31
buy tent,2020-03,31
buy tent,2020-04,38
buy tent,2020-05,61
buy tent,2020-06,74
buy tent,2020-07,88
buy tent,2020-08,73
buy tent,2020-09,54
buy tent,2020-10,46
buy tent,2020-11,44
buy tent,2020-12,36
buy tent,2021-01,38
buy tent,2021-02,40
buy tent,2021-03,44
buy tent,2021-04,66
buy tent,2021-05,100
buy tent,2021-06,100
buy tent,2021-07,100
buy tent,2021-08,92
buy tent,2021-09,70
buy tent,2021-10,60
buy tent,2021-11,62
buy tent,2021-12,40
buy tent,2022-01,34
buy tent,2022-02,43
buy tent,2022-03,43
buy tent,2022-04,50
buy tent,2022-05,57
buy tent,2022-06,61
buy tent,2022-07,65
buy tent,2022-08,55
buy tent,2022-09,42
buy tent,2022-10,34
buy tent,2022-11,31
buy tent,2022-12,28
buy tent,2023-01,28
buy tent,2023-02,33
buy tent,2023-03,35
buy tent,2023-04,44
buy tent,2023-05,52
buy tent,2023-06,58
buy tent,2023-07,52
buy tent,2023-08,49
buy tent,2023-09,41
buy tent,2023-10,32
buy tent,2023-11,34
buy tent,2023-12,28
buy tent,2024-01,31
buy tent,2024-02,35
buy tent,2024-03,38
buy tent,2024-04,41
buy tent,2024-05,51
buy tent,2024-06,60
buy tent,2024-07,48
buy tent,2024-08,46
buy tent,2024-09,38
buy tent,2024-10,34
buy tent,2024-11,32
buy tent,2024-12,32
camping equipment,2015-01,38
camping equipment,2015-02,44
camping equipment,2015-03,54
camping equipment,2015-04,65
camping equipment,2015-05,74
camping equipment,2015-06,86
camping equipment,2015-07,88
camping equipment,2015-08,73
camping equipment,2015-09,58
camping equipment,2015-10,45
camping equipment,2015-11,44
camping equipment,2015-12,43
camping equipment,2016-01,47
camping equipment,2016-02,50
camping equipment,2016-03,58
camping equipment,2016-04,65
camping equipment,2016-05,80
camping equipment,2016-06,83
camping equipment,2016-07,79
camping equipment,2016-08,73
camping equipment,2016-09,55
camping equipment,2016-10,50
camping equipment,2016-11,45
camping equipment,2016-12,43
camping equipment,2017-01,46
camping equipment,2017-02,47
camping equipment,2017-03,56
camping equipment,2017-04,66
camping equipment,2017-05,72
camping equipment,2017-06,78
camping equipment,2017-07,78
camping equipment,2017-08,74
camping equipment,2017-09,58
camping equipment,2017-10,53
camping equipment,2017-11,45
camping equipment,2017-12,44
camping equipment,2018-01,39
camping equipment,2018-02,47
camping equipment,2018-03,47
camping equipment,2018-04,53
camping equipment,2018-05,78
camping equipment,2018-06,97
camping equipment,2018-07,100
camping equipment,2018-08,79
camping equipment,2018-09,73
camping equipment,2018-10,65
camping equipment,2018-11,60
camping equipment,2018-12,53
camping equipment,2019-01,37
camping equipment,2019-02,46
camping equipment,2019-03,56
camping equipment,2019-04,59
camping equipment,2019-05,66
camping equipment,2019-06,75
camping equipment,2019-07,74
camping equipment,2019-08,55
camping equipment,2019-09,48
camping equipment,2019-10,37
camping equipment,2019-11,35
camping equipment,2019-12,40
camping equipment,2020-01,39
camping equipment,2020-02,37
camping equipment,2020-03,36
camping equipment,2020-04,41
camping equipment,2020-05,60
camping equipment,2020-06,83
camping equipment,2020-07,78
camping equipment,2020-08,72
camping equipment,2020-09,53
camping equipment,2020-10,50
camping equipment,2020-11,46
camping equipment,2020-12,48
camping equipment,2021-01,36
camping equipment,2021-02,46
camping equipment,2021-03,49
camping equipment,2021-04,56
camping equipment,2021-05,64
camping equipment,2021-06,66
camping equipment,2021-07,65
camping equipment,2021-08,53
camping equipment,2021-09,55
camping equipment,2021-10,44
camping equipment,2021-11,50
camping equipment,2021-12,40
camping equipment,2022-01,38
camping equipment,2022-02,41
camping equipment,2022-03,47
camping equipment,2022-04,49
camping equipment,2022-05,54
camping equipment,2022-06,61
camping equipment,2022-07,63
camping equipment,2022-08,54
camping equipment,2022-09,47
camping equipment,2022-10,39
camping equipment,2022-11,37
camping equipment,2022-12,38
camping equipment,2023-01,32
camping equipment,2023-02,39
camping equipment,2023-03,41
camping equipment,2023-04,45
camping equipment,2023-05,53
camping equipment,2023-06,59
camping equipment,2023-07,56
camping equipment,2023-08,45
camping equipment,2023-09,42
camping equipment,2023-10,38
camping equipment,2023-11,34
camping equipment,2023-12,32
camping equipment,2024-01,34
camping equipment,2024-02,34
camping equipment,2024-03,36
camping equipment,2024-04,40
camping equipment,2024-05,45
camping equipment,2024-06,48
camping equipment,2024-07,47
camping equipment,2024-08,43
camping equipment,2024-09,42
camping equipment,2024-10,34
camping equipment,2024-11,29
camping equipment,2024-12,34
camping gear,2015-01,35
camping gear,2015-02,38
camping gear,2015-03,51
camping gear,2015-04,52
camping gear,2015-05,67
camping gear,2015-06,72
camping gear,2015-07,69
camping gear,2015-08,59
camping gear,2015-09,45
camping gear,2015-10,37
camping gear,2015-11,34
camping gear,2015-12,35
camping gear,2016-01,35
camping gear,2016-02,42
camping gear,2016-03,49
camping gear,2016-04,53
camping gear,2016-05,67
camping gear,2016-06,74
camping gear,2016-07,61
camping gear,2016-08,52
camping gear,2016-09,43
camping gear,2016-10,53
camping gear,2016-11,53
camping gear,2016-12,41
camping gear,2017-01,36
camping gear,2017-02,39
camping gear,2017-03,46
camping gear,2017-04,60
camping gear,2017-05,69
camping gear,2017-06,65
camping gear,2017-07,62
camping gear,2017-08,54
camping gear,2017-09,50
camping gear,2017-10,40
camping gear,2017-11,40
camping gear,2017-12,42
camping gear,2018-01,36
camping gear,2018-02,44
camping gear,2018-03,48
camping gear,2018-04,50
camping gear,2018-05,71
camping gear,2018-06,86
camping gear,2018-07,100
camping gear,2018-08,83
camping gear,2018-09,71
camping gear,2018-10,70
camping gear,2018-11,65
camping gear,2018-12,53
camping gear,2019-01,31
camping gear,2019-02,32
camping gear,2019-03,42
camping gear,2019-04,46
camping gear,2019-05,53
camping gear,2019-06,61
camping gear,2019-07,58
camping gear,2019-08,49
camping gear,2019-09,40
camping gear,2019-10,35
camping gear,2019-11,33
camping gear,2019-12,38
camping gear,2020-01,33
camping gear,2020-02,35
camping gear,2020-03,31
camping gear,2020-04,36
camping gear,2020-05,54
camping gear,2020-06,78
camping gear,2020-07,71
camping gear,2020-08,60
camping gear,2020-09,48
camping gear,2020-10,43
camping gear,2020-11,41
camping gear,2020-12,44
camping gear,2021-01,35
camping gear,2021-02,41
camping gear,2021-03,48
camping gear,2021-04,51
camping gear,2021-05,60
camping gear,2021-06,57
camping gear,2021-07,52
camping gear,2021-08,47
camping gear,2021-09,43
camping gear,2021-10,37
camping gear,2021-11,40
camping gear,2021-12,38
camping gear,2022-01,32
camping gear,2022-02,33
camping gear,2022-03,44
camping gear,2022-04,42
camping gear,2022-05,51
camping gear,2022-06,54
camping gear,2022-07,55
camping gear,2022-08,48
camping gear,2022-09,38
camping gear,2022-10,34
camping gear,2022-11,34
camping gear,2022-12,35
camping gear,2023-01,29
camping gear,2023-02,30
camping gear,2023-03,34
camping gear,2023-04,39
camping gear,2023-05,48
camping gear,2023-06,51
camping gear,2023-07,53
camping gear,2023-08,41
camping gear,2023-09,36
camping gear,2023-10,32
camping gear,2023-11,35
camping gear,2023-12,35
camping gear,2024-01,29
camping gear,2024-02,29
camping gear,2024-03,34
camping gear,2024-04,37
camping gear,2024-05,44
camping gear,2024-06,49
camping gear,2024-07,46
camping gear,2024-08,41
camping gear,2024-09,35
camping gear,2024-10,31
camping gear,2024-11,32
camping gear,2024-12,35
hiking boots,2015-01,35
hiking boots,2015-02,34
hiking boots,2015-03,37
hiking boots,2015-04,32
hiking boots,2015-05,36
hiking boots,2015-06,38
hiking boots,2015-07,34
hiking boots,2015-08,35
hiking boots,2015-09,36
hiking boots,2015-10,39
hiking boots,2015-11,46
hiking boots,2015-12,43
hiking boots,2016-01,48
hiking boots,2016-02,45
hiking boots,2016-03,44
hiking boots,2016-04,42
hiking boots,2016-05,45
hiking boots,2016-06,39
hiking boots,2016-07,40
hiking boots,2016-08,41
hiking boots,2016-09,42
hiking boots,2016-10,47
hiking boots,2016-11,52
hiking boots,2016-12,60
hiking boots,2017-01,50
hiking boots,2017-02,45
hiking boots,2017-03,48
hiking boots,2017-04,46
hiking boots,2017-05,46
hiking boots,2017-06,44
hiking boots,2017-07,49
hiking boots,2017-08,46
hiking boots,2017-09,50
hiking boots,2017-10,54
hiking boots,2017-11,60
hiking boots,2017-12,65
hiking boots,2018-01,61
hiking boots,2018-02,52
hiking boots,2018-03,55
hiking boots,2018-04,53
hiking boots,2018-05,54
hiking boots,2018-06,50
hiking boots,2018-07,50
hiking boots,2018-08,51
hiking boots,2018-09,50
hiking boots,2018-10,59
hiking boots,2018-11,75
hiking boots,2018-12,65
hiking boots,2019-01,59
hiking boots,2019-02,60
hiking boots,2019-03,59
hiking boots,2019-04,52
hiking boots,2019-05,52
hiking boots,2019-06,55
hiking boots,2019-07,51
hiking boots,2019-08,52
hiking boots,2019-09,54
hiking boots,2019-10,63
hiking boots,2019-11,70
hiking boots,2019-12,69
hiking boots,2020-01,57
hiking boots,2020-02,52
hiking boots,2020-03,41
hiking boots,2020-04,42
hiking boots,2020-05,63
hiking boots,2020-06,64
hiking boots,2020-07,64
hiking boots,2020-08,70
hiking boots,2020-09,80
hiking boots,2020-10,100
hiking boots,2020-11,92
hiking boots,2020-12,94
hiking boots,2021-01,91
hiking boots,2021-02,82
hiking boots,2021-03,81
hiking boots,2021-04,72
hiking boots,2021-05,68
hiking boots,2021-06,66
hiking boots,2021-07,66
hiking boots,2021-08,65
hiking boots,2021-09,72
hiking boots,2021-10,81
hiking boots,2021-11,94
hiking boots,2021-12,81
hiking boots,2022-01,85
hiking boots,2022-02,78
hiking boots,2022-03,76
hiking boots,2022-04,67
hiking boots,2022-05,62
hiking boots,2022-06,59
hiking boots,2022-07,60
hiking boots,2022-08,61
hiking boots,2022-09,60
hiking boots,2022-10,70
hiking boots,2022-11,77
hiking boots,2022-12,74
hiking boots,2023-01,64
hiking boots,2023-02,63
hiking boots,2023-03,61
hiking boots,2023-04,58
hiking boots,2023-05,57
hiking boots,2023-06,56
hiking boots,2023-07,56
hiking boots,2023-08,56
hiking boots,2023-09,60
hiking boots,2023-10,65
hiking boots,2023-11,75
hiking boots,2023-12,62
hiking boots,2024-01,66
hiking boots,2024-02,59
hiking boots,2024-03,60
hiking boots,2024-04,56
hiking boots,2024-05,61
hiking boots,2024-06,58
hiking boots,2024-07,54
hiking boots,2024-08,58
hiking boots,2024-09,60
hiking boots,2024-10,60
hiking boots,2024-11,70
hiking boots,2024-12,71
hiking gear,2015-01,53
hiking gear,2015-02,53
hiking gear,2015-03,62
hiking gear,2015-04,61
hiking gear,2015-05,60
hiking gear,2015-06,62
hiking gear,2015-07,66
hiking gear,2015-08,62
hiking gear,2015-09,57
hiking gear,2015-10,49
hiking gear,2015-11,53
hiking gear,2015-12,62
hiking gear,2016-01,53
hiking gear,2016-02,56
hiking gear,2016-03,66
hiking gear,2016-04,66
hiking gear,2016-05,67
hiking gear,2016-06,68
hiking gear,2016-07,64
hiking gear,2016-08,60
hiking gear,2016-09,53
hiking gear,2016-10,100
hiking gear,2016-11,99
hiking gear,2016-12,66
hiking gear,2017-01,51
hiking gear,2017-02,51
hiking gear,2017-03,60
hiking gear,2017-04,75
hiking gear,2017-05,100
hiking gear,2017-06,68
hiking gear,2017-07,74
hiking gear,2017-08,56
hiking gear,2017-09,52
hiking gear,2017-10,54
hiking gear,2017-11,62
hiking gear,2017-12,62
hiking gear,2018-01,55
hiking gear,2018-02,59
hiking gear,2018-03,61
hiking gear,2018-04,60
hiking gear,2018-05,74
hiking gear,2018-06,81
hiking gear,2018-07,85
hiking gear,2018-08,69
hiking gear,2018-09,65
hiking gear,2018-10,65
hiking gear,2018-11,70
hiking gear,2018-12,70
hiking gear,2019-01,51
hiking gear,2019-02,52
hiking gear,2019-03,60
hiking gear,2019-04,55
hiking gear,2019-05,60
hiking gear,2019-06,64
hiking gear,2019-07,58
hiking gear,2019-08,55
hiking gear,2019-09,47
hiking gear,2019-10,46
hiking gear,2019-11,51
hiking gear,2019-12,57
hiking gear,2020-01,48
hiking gear,2020-02,45
hiking gear,2020-03,36
hiking gear,2020-04,42
hiking gear,2020-05,58
hiking gear,2020-06,68
hiking gear,2020-07,70
hiking gear,2020-08,71
hiking gear,2020-09,64
hiking gear,2020-10,59
hiking gear,2020-11,64
hiking gear,2020-12,69
hiking gear,2021-01,57
hiking gear,2021-02,56
hiking gear,2021-03,59
hiking gear,2021-04,62
hiking gear,2021-05,61
hiking gear,2021-06,62
hiking gear,2021-07,60
hiking gear,2021-08,54
hiking gear,2021-09,51
hiking gear,2021-10,49
hiking gear,2021-11,58
hiking gear,2021-12,58
hiking gear,2022-01,51
hiking gear,2022-02,53
hiking gear,2022-03,56
hiking gear,2022-04,53
hiking gear,2022-05,54
hiking gear,2022-06,53
hiking gear,2022-07,57
hiking gear,2022-08,52
hiking gear,2022-09,50
hiking gear,2022-10,46
hiking gear,2022-11,51
hiking gear,2022-12,51
hiking gear,2023-01,46
hiking gear,2023-02,44
hiking gear,2023-03,49
hiking gear,2023-04,50
hiking gear,2023-05,54
hiking gear,2023-06,56
hiking gear,2023-07,57
hiking gear,2023-08,52
hiking gear,2023-09,42
hiking gear,2023-10,40
hiking gear,2023-11,45
hiking gear,2023-12,46
hiking gear,2024-01,45
hiking gear,2024-02,41
hiking gear,2024-03,51
hiking gear,2024-04,48
hiking gear,2024-05,54
hiking gear,2024-06,60
hiking gear,2024-07,48
hiking gear,2024-08,51
hiking gear,2024-09,47
hiking gear,2024-10,40
hiking gear,2024-11,49
hiking gear,2024-12,49
buy wing foil,2015-01,0
buy wing foil,2015-02,0
buy wing foil,2015-03,0
buy wing foil,2015-04,0
buy wing foil,2015-05,0
buy wing foil,2015-06,0
buy wing foil,2015-07,0
buy wing foil,2015-08,0
buy wing foil,2015-09,0
buy wing foil,2015-10,0
buy wing foil,2015-11,0
buy wing foil,2015-12,0
buy wing foil,2016-01,0
buy wing foil,2016-02,0
buy wing foil,2016-03,0
buy wing foil,2016-04,0
buy wing foil,2016-05,0
buy wing foil,2016-06,0
buy wing foil,2016-07,0
buy wing foil,2016-08,0
buy wing foil,2016-09,0
buy wing foil,2016-10,0
buy wing foil,2016-11,0
buy wing foil,2016-12,0
buy wing foil,2017-01,0
buy wing foil,2017-02,0
buy wing foil,2017-03,0
buy wing foil,2017-04,0
buy wing foil,2017-05,0
buy wing foil,2017-06,0
buy wing foil,2017-07,0
buy wing foil,2017-08,0
buy wing foil,2017-09,0
buy wing foil,2017-10,0
buy wing foil,2017-11,0
buy wing foil,2017-12,0
buy wing foil,2018-01,0
buy wing foil,2018-02,0
buy wing foil,2018-03,0
buy wing foil,2018-04,0
buy wing foil,2018-05,0
buy wing foil,2018-06,0
buy wing foil,2018-07,0
buy wing foil,2018-08,0
buy wing foil,2018-09,0
buy wing foil,2018-10,0
buy wing foil,2018-11,0
buy wing foil,2018-12,0
buy wing foil,2019-01,0
buy wing foil,2019-02,0
buy wing foil,2019-03,0
buy wing foil,2019-04,0
buy wing foil,2019-05,0
buy wing foil,2019-06,0
buy wing foil,2019-07,0
buy wing foil,2019-08,0
buy wing foil,2019-09,0
buy wing foil,2019-10,0
buy wing foil,2019-11,0
buy wing foil,2019-12,100
buy wing foil,2020-01,0
buy wing foil,2020-02,0
buy wing foil,2020-03,0
buy wing foil,2020-04,0
buy wing foil,2020-05,0
buy wing foil,2020-06,0
buy wing foil,2020-07,0
buy wing foil,2020-08,0
buy wing foil,2020-09,0
buy wing foil,2020-10,0
buy wing foil,2020-11,0
buy wing foil,2020-12,0
buy wing foil,2021-01,0
buy wing foil,2021-02,0
buy wing foil,2021-03,0
buy wing foil,2021-04,0
buy wing foil,2021-05,0
buy wing foil,2021-06,0
buy wing foil,2021-07,0
buy wing foil,2021-08,0
buy wing foil,2021-09,0
buy wing foil,2021-10,0
buy wing foil,2021-11,0
buy wing foil,2021-12,0
buy wing foil,2022-01,0
buy wing foil,2022-02,0
buy wing foil,2022-03,0
buy wing foil,2022-04,0
buy wing foil,2022-05,0
buy wing foil,2022-06,0
buy wing foil,2022-07,0
buy wing foil,2022-08,0
buy wing foil,2022-09,0
buy wing foil,2022-10,0
buy wing foil,2022-11,0
buy wing foil,2022-12,0
buy wing foil,2023-01,0
buy wing foil,2023-02,0
buy wing foil,2023-03,0
buy wing foil,2023-04,0
buy wing foil,2023-05,0
buy wing foil,2023-06,0
buy wing foil,2023-07,0
buy wing foil,2023-08,0
buy wing foil,2023-09,0
buy wing foil,2023-10,0
buy wing foil,2023-11,0
buy wing foil,2023-12,0
buy wing foil,2024-01,0
buy wing foil,2024-02,0
buy wing foil,2024-03,0
buy wing foil,2024-04,0
buy wing foil,2024-05,0
buy wing foil,2024-06,0
buy wing foil,2024-07,0
buy wing foil,2024-08,0
buy wing foil,2024-09,0
buy wing foil,2024-10,0
buy wing foil,2024-11,0
buy wing foil,2024-12,0
wingfoil equipment,2015-01,0
wingfoil equipment,2015-02,0
wingfoil equipment,2015-03,0
wingfoil equipment,2015-04,0
wingfoil equipment,2015-05,0
wingfoil equipment,2015-06,0
wingfoil equipment,2015-07,0
wingfoil equipment,2015-08,0
wingfoil equipment,2015-09,0
wingfoil equipment,2015-10,0
wingfoil equipment,2015-11,0
wingfoil equipment,2015-12,0
wingfoil equipment,2016-01,0
wingfoil equipment,2016-02,0
wingfoil equipment,2016-03,0
wingfoil equipment,2016-04,0
wingfoil equipment,2016-05,0
wingfoil equipment,2016-06,0
wingfoil equipment,2016-07,0
wingfoil equipment,2016-08,0
wingfoil equipment,2016-09,0
wingfoil equipment,2016-10,0
wingfoil equipment,2016-11,0
wingfoil equipment,2016-12,0
wingfoil equipment,2017-01,0
wingfoil equipment,2017-02,0
wingfoil equipment,2017-03,0
wingfoil equipment,2017-04,0
wingfoil equipment,2017-05,0
wingfoil equipment,2017-06,0
wingfoil equipment,2017-07,0
wingfoil equipment,2017-08,0
wingfoil equipment,2017-09,0
wingfoil equipment,2017-10,0
wingfoil equipment,2017-11,0
wingfoil equipment,2017-12,0
wingfoil equipment,2018-01,0
wingfoil equipment,2018-02,0
wingfoil equipment,2018-03,0
wingfoil equipment,2018-04,0
wingfoil equipment,2018-05,0
wingfoil equipment,2018-06,0
wingfoil equipment,2018-07,0
wingfoil equipment,2018-08,0
wingfoil equipment,2018-09,0
wingfoil equipment,2018-10,0
wingfoil equipment,2018-11,0
wingfoil equipment,2018-12,0
wingfoil equipment,2019-01,0
wingfoil equipment,2019-02,0
wingfoil equipment,2019-03,0
wingfoil equipment,2019-04,0
wingfoil equipment,2019-05,0
wingfoil equipment,2019-06,0
wingfoil equipment,2019-07,0
wingfoil equipment,2019-08,0
wingfoil equipment,2019-09,0
wingfoil equipment,2019-10,0
wingfoil equipment,2019-11,0
wingfoil equipment,2019-12,0
wingfoil equipment,2020-01,0
wingfoil equipment,2020-02,0
wingfoil equipment,2020-03,0
wingfoil equipment,2020-04,0
wingfoil equipment,2020-05,0
wingfoil equipment,2020-06,0
wingfoil equipment,2020-07,0
wingfoil equipment,2020-08,0
wingfoil equipment,2020-09,0
wingfoil equipment,2020-10,0
wingfoil equipment,2020-11,0
wingfoil equipment,2020-12,0
wingfoil equipment,2021-01,0
wingfoil equipment,2021-02,0
wingfoil equipment,2021-03,0
wingfoil equipment,2021-04,0
wingfoil equipment,2021-05,0
wingfoil equipment,2021-06,0
wingfoil equipment,2021-07,0
wingfoil equipment,2021-08,0
wingfoil equipment,2021-09,0
wingfoil equipment,2021-10,0
wingfoil equipment,2021-11,0
wingfoil equipment,2021-12,0
wingfoil equipment,2022-01,0
wingfoil equipment,2022-02,0
wingfoil equipment,2022-03,0
wingfoil equipment,2022-04,0
wingfoil equipment,2022-05,0
wingfoil equipment,2022-06,0
wingfoil equipment,2022-07,0
wingfoil equipment,2022-08,0
wingfoil equipment,2022-09,0
wingfoil equipment,2022-10,0
wingfoil equipment,2022-11,0
wingfoil equipment,2022-12,0
wingfoil equipment,2023-01,0
wingfoil equipment,2023-02,0
wingfoil equipment,2023-03,0
wingfoil equipment,2023-04,100
wingfoil equipment,2023-05,0
wingfoil equipment,2023-06,0
wingfoil equipment,2023-07,0
wingfoil equipment,2023-08,0
wingfoil equipment,2023-09,0
wingfoil equipment,2023-10,0
wingfoil equipment,2023-11,0
wingfoil equipment,2023-12,0
wingfoil equipment,2024-01,0
wingfoil equipment,2024-02,0
wingfoil equipment,2024-03,0
wingfoil equipment,2024-04,0
wingfoil equipment,2024-05,0
wingfoil equipment,2024-06,0
wingfoil equipment,2024-07,0
wingfoil equipment,2024-08,0
wingfoil equipment,2024-09,0
wingfoil equipment,2024-10,0
wingfoil equipment,2024-11,0
wingfoil equipment,2024-12,0