sport,type,keyword
Running,equipment,buy running shoes
Running,equipment,running shoes online
Running,equipment,best running shoes 2024
Running,equipment,running gear store
Running,equipment,buy running watch
Running,equipment,garmin running watch
Running,equipment,nike running shoes
Running,equipment,asics running shoes
Running,equipment,brooks running shoes
Running,equipment,running shoes near me
Running,equipment,running shoe sale
Running,equipment,cheap running shoes
Running,equipment,buy running shorts
Running,equipment,running backpack
Running,equipment,hydration vest running
Running,equipment,running shoe deals
Running,equipment,where to buy running shoes
Running,equipment,running equipment store
Running,behavioral,running
Running,behavioral,how to start running
Running,behavioral,running for beginners
Running,behavioral,running tips
Running,behavioral,couch to 5k
Running,behavioral,running technique
Running,behavioral,marathon training
Running,behavioral,half marathon training
Running,behavioral,running form
Running,behavioral,running shoe guide
Running,behavioral,best running shoes for beginners
Running,behavioral,running shoes review
Running,behavioral,running blog
Running,behavioral,running motivation
Running,behavioral,running playlist
Running,behavioral,how to run faster
Running,behavioral,running injuries
Running,behavioral,running nutrition
Running,behavioral,trail running vs road running
Running,behavioral,running schedule
Running,behavioral,running community
Running,behavioral,running groups near me
Running,youtube,Nike Running
Running,youtube,The Run Experience
Running,youtube,Global Triathlon Network
Running,youtube,Sage Running
Running,youtube,James Dunne
Running,youtube,Runner's World
Running,youtube,Billy Yang Films
Running,youtube,Ginger Runner
Running,youtube,iRunFar
Running,youtube,The Running Channel
Running,youtube,Jamil Coury
Running,youtube,Seth James DeMoor
Running,youtube,Running Bum
Running,youtube,Trail Runner Nation
Running,youtube,VODcast
Running,reddit,running
Running,reddit,AdvancedRunning
Running,reddit,C25K
Running,reddit,trailrunning
Running,reddit,RunningShoeGeeks
Running,reddit,ultrarunning
Running,reddit,Marathon
Running,website,runnersworld.com
Running,website,runrepeat.com
Running,website,irunfar.com
Running,website,trailrunnermag.com
Running,website,letsrun.com
Running,website,runningwarehouse.com
Running,website,roadrunnersports.com
Running,wikipedia,Running
Hiking,equipment,buy hiking boots
Hiking,equipment,hiking boots online
Hiking,equipment,hiking gear store
Hiking,equipment,buy hiking backpack
Hiking,equipment,osprey backpack
Hiking,equipment,hiking shoes
Hiking,equipment,buy trekking poles
Hiking,equipment,hiking boots near me
Hiking,equipment,best hiking boots 2024
Hiking,equipment,merrell hiking boots
Hiking,equipment,salomon hiking shoes
Hiking,equipment,hiking boot sale
Hiking,equipment,buy day pack
Hiking,equipment,hiking gear deals
Hiking,equipment,where to buy hiking gear
Hiking,equipment,rei hiking boots
Hiking,equipment,columbia hiking boots
Hiking,equipment,vasque hiking boots
Hiking,equipment,keen hiking boots
Hiking,equipment,discount hiking gear
Hiking,behavioral,hiking
Hiking,behavioral,hiking near me
Hiking,behavioral,best hiking trails
Hiking,behavioral,hiking for beginners
Hiking,behavioral,day hikes near me
Hiking,behavioral,hiking tips
Hiking,behavioral,what to bring hiking
Hiking,behavioral,hiking checklist
Hiking,behavioral,hiking trails
Hiking,behavioral,beginner hiking trails
Hiking,behavioral,easy hiking trails
Hiking,behavioral,hiking safety
Hiking,behavioral,hiking gear list
Hiking,behavioral,hiking essentials
Hiking,behavioral,how to start hiking
Hiking,behavioral,hiking boots guide
Hiking,behavioral,hiking backpack guide
Hiking,behavioral,hiking blog
Hiking,behavioral,best day hikes
Hiking,behavioral,hiking with kids
Hiking,behavioral,hiking dogs
Hiking,behavioral,thru hiking
Hiking,behavioral,hiking the appalachian trail
Hiking,behavioral,pacific crest trail
Hiking,youtube,Darwin onthetrail
Hiking,youtube,Homemade Wanderlust
Hiking,youtube,Kraig Adams
Hiking,youtube,Hiking Guy
Hiking,youtube,Adventure Archives
Hiking,youtube,The Trek
Hiking,youtube,BackpackingTV
Hiking,youtube,REI
Hiking,youtube,Trail to Peak
Hiking,youtube,Erik the Black
Hiking,youtube,Outdoor Vitals
Hiking,youtube,Chase Mountains
Hiking,reddit,hiking
Hiking,reddit,CampingandHiking
Hiking,reddit,WildernessBackpacking
Hiking,reddit,Ultralight
Hiking,reddit,AppalachianTrail
Hiking,reddit,PacificCrestTrail
Hiking,reddit,thruhiking
Hiking,website,alltrails.com
Hiking,website,hikingproject.com
Hiking,website,rei.com
Hiking,website,outdoors.org
Hiking,website,trails.com
Hiking,wikipedia,Hiking
Camping,equipment,buy tent
Camping,equipment,camping tent online
Camping,equipment,best tent 2024
Camping,equipment,camping gear store
Camping,equipment,buy sleeping bag
Camping,equipment,camping equipment
Camping,equipment,coleman tent
Camping,equipment,rei tent
Camping,equipment,buy camping stove
Camping,equipment,camping gear near me
Camping,equipment,tent sale
Camping,equipment,cheap camping gear
Camping,equipment,buy backpacking tent
Camping,equipment,camping gear deals
Camping,equipment,where to buy camping equipment
Camping,equipment,camping supplies store
Camping,equipment,marmot tent
Camping,equipment,big agnes tent
Camping,equipment,nemo tent
Camping,equipment,buy camping chair
Camping,equipment,camping cookware
Camping,equipment,camping gear amazon
Camping,behavioral,camping
Camping,behavioral,camping near me
Camping,behavioral,camping for beginners
Camping,behavioral,first time camping
Camping,behavioral,camping tips
Camping,behavioral,camping checklist
Camping,behavioral,what to bring camping
Camping,behavioral,camping essentials
Camping,behavioral,best camping sites
Camping,behavioral,camping with kids
Camping,behavioral,camping gear list
Camping,behavioral,how to camp
Camping,behavioral,camping sites near me
Camping,behavioral,car camping
Camping,behavioral,backpacking camping
Camping,behavioral,tent camping
Camping,behavioral,rv camping
Camping,behavioral,winter camping
Camping,behavioral,camping food ideas
Camping,behavioral,camping hacks
Camping,behavioral,camping setup
Camping,behavioral,how to pitch a tent
Camping,behavioral,camping safety
Camping,behavioral,camping blog
Camping,behavioral,camping guide
Camping,youtube,Darwin onthetrail
Camping,youtube,Homemade Wanderlust
Camping,youtube,Outdoor Gear Review
Camping,youtube,CampingTV
Camping,youtube,Lost Lakes
Camping,youtube,Kampa Camping
Camping,youtube,Steve Wallis
Camping,youtube,Corporals Corner
Camping,youtube,Joe Robinet
Camping,youtube,My Self Reliance
Camping,youtube,TA Outdoors
Camping,reddit,camping
Camping,reddit,CampingandHiking
Camping,reddit,CampingGear
Camping,reddit,WildCamping
Camping,reddit,overlanding
Camping,website,recreation.gov
Camping,website,campendium.com
Camping,website,thedyrt.com
Camping,website,freecampsites.net
Camping,website,hipcamp.com
Camping,wikipedia,Camping
Trail Running,equipment,buy trail running shoes
Trail Running,equipment,trail running shoes online
Trail Running,equipment,hoka trail shoes
Trail Running,equipment,salomon trail running shoes
Trail Running,equipment,altra trail shoes
Trail Running,equipment,trail running gear
Trail Running,equipment,buy hydration vest
Trail Running,equipment,trail running backpack
Trail Running,equipment,trail running shoes near me
Trail Running,equipment,best trail running shoes 2024
Trail Running,equipment,trail shoe sale
Trail Running,equipment,cheap trail running shoes
Trail Running,equipment,la sportiva trail shoes
Trail Running,equipment,nike trail shoes
Trail Running,equipment,trail running watch
Trail Running,equipment,trail running poles
Trail Running,equipment,buy trail running shorts
Trail Running,equipment,trail running gear store
Trail Running,equipment,trail running equipment
Trail Running,equipment,discount trail running shoes
Trail Running,behavioral,trail running
Trail Running,behavioral,trail running for beginners
Trail Running,behavioral,trail running tips
Trail Running,behavioral,trail running near me
Trail Running,behavioral,how to start trail running
Trail Running,behavioral,trail running vs road running
Trail Running,behavioral,trail running technique
Trail Running,behavioral,trail running trails
Trail Running,behavioral,best trail running trails
Trail Running,behavioral,trail running shoes review
Trail Running,behavioral,trail running training
Trail Running,behavioral,ultra running
Trail Running,behavioral,ultramarathon
Trail Running,behavioral,trail race calendar
Trail Running,behavioral,trail running blog
Trail Running,behavioral,trail running nutrition
Trail Running,behavioral,trail running form
Trail Running,behavioral,technical trail running
Trail Running,behavioral,mountain running
Trail Running,behavioral,fell running
Trail Running,behavioral,skyrunning
Trail Running,behavioral,trail running safety
Trail Running,behavioral,trail running community
Trail Running,behavioral,100 mile trail race
Trail Running,youtube,Billy Yang Films
Trail Running,youtube,iRunFar
Trail Running,youtube,Ginger Runner
Trail Running,youtube,The Running Channel
Trail Running,youtube,Jamil Coury
Trail Running,youtube,Seth James DeMoor
Trail Running,youtube,Running Bum
Trail Running,youtube,Kilian Jornet
Trail Running,youtube,Sage Canaday
Trail Running,youtube,Trail Runner Nation
Trail Running,youtube,Salomon Running
Trail Running,youtube,HOKA ONE ONE
Trail Running,youtube,Western States 100
Trail Running,youtube,UTMB Mont-Blanc
Trail Running,reddit,trailrunning
Trail Running,reddit,ultrarunning
Trail Running,reddit,AdvancedRunning
Trail Running,reddit,running
Trail Running,website,irunfar.com
Trail Running,website,trailrunnermag.com
Trail Running,website,ultrarunning.com
Trail Running,website,trailrunproject.com
Trail Running,website,ultrasignup.com
Trail Running,wikipedia,Trail_running
Road Cycling,equipment,buy road bike
Road Cycling,equipment,road bike online
Road Cycling,equipment,best road bike 2024
Road Cycling,equipment,buy bike
Road Cycling,equipment,cycling gear store
Road Cycling,equipment,buy cycling shoes
Road Cycling,equipment,cycling clothing
Road Cycling,equipment,road bike near me
Road Cycling,equipment,bike sale
Road Cycling,equipment,cheap road bike
Road Cycling,equipment,specialized road bike
Road Cycling,equipment,trek road bike
Road Cycling,equipment,cannondale road bike
Road Cycling,equipment,giant road bike
Road Cycling,equipment,buy bike helmet
Road Cycling,equipment,cycling accessories
Road Cycling,equipment,buy bike computer
Road Cycling,equipment,garmin cycling
Road Cycling,equipment,cycling shoes online
Road Cycling,equipment,bike gear deals
Road Cycling,equipment,where to buy road bike
Road Cycling,equipment,carbon road bike
Road Cycling,equipment,road bike frames
Road Cycling,equipment,bike components
Road Cycling,equipment,cycling equipment store
Road Cycling,behavioral,cycling
Road Cycling,behavioral,road cycling
Road Cycling,behavioral,cycling for beginners
Road Cycling,behavioral,how to start cycling
Road Cycling,behavioral,cycling tips
Road Cycling,behavioral,cycling training
Road Cycling,behavioral,road bike guide
Road Cycling,behavioral,best road bikes
Road Cycling,behavioral,cycling technique
Road Cycling,behavioral,cycling nutrition
Road Cycling,behavioral,century ride training
Road Cycling,behavioral,gran fondo
Road Cycling,behavioral,cycling community
Road Cycling,behavioral,cycling groups near me
Road Cycling,behavioral,bike fit
Road Cycling,behavioral,cycling form
Road Cycling,behavioral,cycling safety
Road Cycling,behavioral,road cycling rules
Road Cycling,behavioral,cycling blog
Road Cycling,behavioral,cycling routes near me
Road Cycling,behavioral,bike maintenance
Road Cycling,behavioral,how to change bike tire
Road Cycling,behavioral,cycling gear guide
Road Cycling,behavioral,cycling shoes guide
Road Cycling,behavioral,beginner cyclist
Road Cycling,behavioral,cycling motivation
Road Cycling,youtube,Global Cycling Network
Road Cycling,youtube,GCN Tech
Road Cycling,youtube,GCN Racing
Road Cycling,youtube,Dylan Johnson
Road Cycling,youtube,Durianrider
Road Cycling,youtube,Francis Cade
Road Cycling,youtube,Phil Gaimon
Road Cycling,youtube,NorCal Cycling
Road Cycling,youtube,Cycling Weekly
Road Cycling,youtube,BikeRadar
Road Cycling,youtube,Vegan Cyclist
Road Cycling,youtube,Cam Nicholls
Road Cycling,youtube,TrainerRoad
Road Cycling,youtube,British Cycling
Road Cycling,reddit,cycling
Road Cycling,reddit,bicycling
Road Cycling,reddit,Velo
Road Cycling,reddit,whichbike
Road Cycling,reddit,bikecommuting
Road Cycling,website,bikeradar.com
Road Cycling,website,cyclingnews.com
Road Cycling,website,cyclingweekly.com
Road Cycling,website,bicycling.com
Road Cycling,website,competitivecyclist.com
Road Cycling,wikipedia,Cycling
Skateboarding,equipment,buy skateboard
Skateboarding,equipment,skateboard online
Skateboarding,equipment,complete skateboard
Skateboarding,equipment,buy skateboard deck
Skateboarding,equipment,skateboard trucks
Skateboarding,equipment,skateboard wheels
Skateboarding,equipment,skateboard near me
Skateboarding,equipment,skateboard shop
Skateboarding,equipment,best skateboard 2024
Skateboarding,equipment,cheap skateboard
Skateboarding,equipment,element skateboard
Skateboarding,equipment,baker skateboard
Skateboarding,equipment,girl skateboard
Skateboarding,equipment,real skateboard
Skateboarding,equipment,buy longboard
Skateboarding,equipment,skateboard bearings
Skateboarding,equipment,buy skateboard shoes
Skateboarding,equipment,vans skateboard shoes
Skateboarding,equipment,nike sb
Skateboarding,equipment,skateboard parts
Skateboarding,equipment,skateboard deck sale
Skateboarding,equipment,where to buy skateboard
Skateboarding,behavioral,skateboarding
Skateboarding,behavioral,how to skateboard
Skateboarding,behavioral,skateboarding for beginners
Skateboarding,behavioral,skateboard tricks
Skateboarding,behavioral,how to ollie
Skateboarding,behavioral,skateboard tutorial
Skateboarding,behavioral,beginner skate tricks
Skateboarding,behavioral,skateboard tips
Skateboarding,behavioral,learn to skateboard
Skateboarding,behavioral,skatepark near me
Skateboarding,behavioral,skateboarding lessons
Skateboarding,behavioral,street skateboarding
Skateboarding,behavioral,vert skateboarding
Skateboarding,behavioral,skateboard culture
Skateboarding,behavioral,skateboard blog
Skateboarding,behavioral,skateboard community
Skateboarding,behavioral,skateboard setup guide
Skateboarding,behavioral,skateboard deck guide
Skateboarding,behavioral,skateboard maintenance
Skateboarding,behavioral,how to kickflip
Skateboarding,behavioral,how to grind
Skateboarding,behavioral,skateboard safety
Skateboarding,behavioral,skateboarding videos
Skateboarding,behavioral,best skateparks
Skateboarding,youtube,Braille Skateboarding
Skateboarding,youtube,Jonny Giger
Skateboarding,youtube,VLSkate
Skateboarding,youtube,John Hill
Skateboarding,youtube,Christopher Chann
Skateboarding,youtube,Ryan Bracken
Skateboarding,youtube,Aaron Kyro
Skateboarding,youtube,The Berrics
Skateboarding,youtube,Primitive Skateboarding
Skateboarding,youtube,Santa Cruz Skateboards
Skateboarding,youtube,Revive Skateboards
Skateboarding,youtube,Thrasher Magazine
Skateboarding,youtube,TransWorld SKATEboarding
Skateboarding,youtube,Nyjah Huston
Skateboarding,youtube,Tony Hawk
Skateboarding,reddit,skateboarding
Skateboarding,reddit,NewSkaters
Skateboarding,reddit,longboarding
Skateboarding,reddit,skateboards
Skateboarding,website,skateboardhere.com
Skateboarding,website,skatedeluxe.com
Skateboarding,website,tactics.com
Skateboarding,website,zumiez.com
Skateboarding,website,skatewarehouse.com
Skateboarding,wikipedia,Skateboarding
Mountain Biking,equipment,buy mountain bike
Mountain Biking,equipment,mountain bike online
Mountain Biking,equipment,best mountain bike 2024
Mountain Biking,equipment,mtb for sale
Mountain Biking,equipment,buy mountain bike near me
Mountain Biking,equipment,mountain bike gear
Mountain Biking,equipment,mountain bike helmets
Mountain Biking,equipment,buy mtb shoes
Mountain Biking,equipment,mountain bike clothing
Mountain Biking,equipment,full suspension mountain bike
Mountain Biking,equipment,hardtail mountain bike
Mountain Biking,equipment,mountain bike wheels
Mountain Biking,equipment,mountain bike tires
Mountain Biking,equipment,buy dropper post
Mountain Biking,equipment,mtb components
Mountain Biking,equipment,specialized mountain bike
Mountain Biking,equipment,trek mountain bike
Mountain Biking,equipment,giant mountain bike
Mountain Biking,equipment,santa cruz mountain bike
Mountain Biking,equipment,cannondale mountain bike
Mountain Biking,equipment,mountain bike sale
Mountain Biking,equipment,cheap mountain bike
Mountain Biking,equipment,used mountain bike
Mountain Biking,equipment,carbon mountain bike
Mountain Biking,equipment,downhill mountain bike
Mountain Biking,equipment,enduro mountain bike
Mountain Biking,equipment,cross country mountain bike
Mountain Biking,equipment,mountain bike parts
Mountain Biking,behavioral,mountain biking
Mountain Biking,behavioral,mtb
Mountain Biking,behavioral,mountain biking for beginners
Mountain Biking,behavioral,how to mountain bike
Mountain Biking,behavioral,mountain bike trails near me
Mountain Biking,behavioral,mountain biking tips
Mountain Biking,behavioral,best mountain bike trails
Mountain Biking,behavioral,mountain bike skills
Mountain Biking,behavioral,mtb technique
Mountain Biking,behavioral,mountain bike jumps
Mountain Biking,behavioral,mountain bike drops
Mountain Biking,behavioral,how to bunny hop mtb
Mountain Biking,behavioral,mountain bike maintenance
Mountain Biking,behavioral,mountain bike setup
Mountain Biking,behavioral,bike park
Mountain Biking,behavioral,downhill mountain biking
Mountain Biking,behavioral,enduro mountain biking
Mountain Biking,behavioral,cross country mtb
Mountain Biking,behavioral,trail riding
Mountain Biking,behavioral,mountain bike blog
Mountain Biking,behavioral,mtb community
Mountain Biking,behavioral,mountain bike videos
Mountain Biking,behavioral,mountain bike sizing
Mountain Biking,behavioral,hardtail vs full suspension
Mountain Biking,behavioral,mountain bike geometry
Mountain Biking,behavioral,mtb suspension setup
Mountain Biking,behavioral,tubeless mountain bike
Mountain Biking,behavioral,mountain bike nutrition
Mountain Biking,behavioral,mountain bike fitness
Mountain Biking,behavioral,e-mountain bike
Mountain Biking,youtube,GMBN
Mountain Biking,youtube,GMBN Tech
Mountain Biking,youtube,GMBN Racing
Mountain Biking,youtube,Seth's Bike Hacks
Mountain Biking,youtube,Skills with Phil
Mountain Biking,youtube,Berm Peak
Mountain Biking,youtube,Berm Peak Express
Mountain Biking,youtube,SingleTrack Sampler
Mountain Biking,youtube,Brian Kennedy
Mountain Biking,youtube,Kyle and April Ride REEB
Mountain Biking,youtube,Pinkbike
Mountain Biking,youtube,Red Bull Bike
Mountain Biking,youtube,Loam Ranger
Mountain Biking,youtube,IFHT Films
Mountain Biking,youtube,Singletrack
Mountain Biking,youtube,MTB Tips
Mountain Biking,youtube,Ben Cathro
Mountain Biking,youtube,Dirt Shed Show
Mountain Biking,reddit,MTB
Mountain Biking,reddit,mountainbiking
Mountain Biking,reddit,bikewrench
Mountain Biking,reddit,Hardtailgang
Mountain Biking,reddit,MTBTrailBuilding
Mountain Biking,reddit,downhillmtb
Mountain Biking,website,pinkbike.com
Mountain Biking,website,mtbproject.com
Mountain Biking,website,vitalmtb.com
Mountain Biking,website,singletracks.com
Mountain Biking,wikipedia,Mountain_biking
Kayaking,equipment,buy kayak
Kayaking,equipment,kayak for sale
Kayaking,equipment,best kayak 2024
Kayaking,equipment,kayak online
Kayaking,equipment,fishing kayak
Kayaking,equipment,sit on top kayak
Kayaking,equipment,inflatable kayak
Kayaking,equipment,kayak near me
Kayaking,equipment,cheap kayak
Kayaking,equipment,used kayak
Kayaking,equipment,buy paddle
Kayaking,equipment,kayak accessories
Kayaking,equipment,kayak life jacket
Kayaking,equipment,buy kayak roof rack
Kayaking,equipment,perception kayak
Kayaking,equipment,pelican kayak
Kayaking,equipment,ocean kayak
Kayaking,equipment,old town kayak
Kayaking,equipment,hobie kayak
Kayaking,equipment,kayak paddle
Kayaking,equipment,kayak sale
Kayaking,equipment,where to buy kayak
Kayaking,equipment,kayak equipment
Kayaking,equipment,kayak gear store
Kayaking,behavioral,kayaking
Kayaking,behavioral,kayaking for beginners
Kayaking,behavioral,how to kayak
Kayaking,behavioral,kayaking near me
Kayaking,behavioral,kayak tips
Kayaking,behavioral,kayaking technique
Kayaking,behavioral,best kayaking spots
Kayaking,behavioral,sea kayaking
Kayaking,behavioral,whitewater kayaking
Kayaking,behavioral,kayak fishing
Kayaking,behavioral,kayak tours
Kayaking,behavioral,kayaking lessons
Kayaking,behavioral,kayaking safety
Kayaking,behavioral,how to paddle kayak
Kayaking,behavioral,kayak types
Kayaking,behavioral,sit on top vs sit in kayak
Kayaking,behavioral,kayak guide
Kayaking,behavioral,kayaking blog
Kayaking,behavioral,kayaking videos
Kayaking,behavioral,kayak camping
Kayaking,behavioral,kayak expedition
Kayaking,behavioral,kayaking community
Kayaking,behavioral,kayak reviews
Kayaking,behavioral,kayaking rivers
Kayaking,behavioral,kayaking lakes
Kayaking,behavioral,kayaking ocean
Kayaking,youtube,Headwaters Kayak
Kayaking,youtube,Jackson Kayak
Kayaking,youtube,PaddleTV
Kayaking,youtube,Kayak Hipster
Kayaking,youtube,Ken Whiting
Kayaking,youtube,Bren Orton
Kayaking,youtube,Next Adventure
Kayaking,youtube,Kayak Dave
Kayaking,youtube,Werner Paddles
Kayaking,youtube,Sea Kayaking UK
Kayaking,youtube,Palm Equipment
Kayaking,reddit,Kayaking
Kayaking,reddit,kayakfishing
Kayaking,reddit,whitewater
Kayaking,reddit,Canoeing
Kayaking,website,paddling.com
Kayaking,website,americancanoe.org
Kayaking,website,kayakfishingmag.com
Kayaking,website,canoeandkayak.com
Kayaking,wikipedia,Kayaking
Rock Climbing,equipment,buy climbing shoes
Rock Climbing,equipment,climbing shoes online
Rock Climbing,equipment,best climbing shoes 2024
Rock Climbing,equipment,buy crash pad
Rock Climbing,equipment,climbing gear
Rock Climbing,equipment,buy climbing harness
Rock Climbing,equipment,buy climbing rope
Rock Climbing,equipment,climbing holds
Rock Climbing,equipment,bouldering crash pad
Rock Climbing,equipment,climbing shoes near me
Rock Climbing,equipment,la sportiva climbing shoes
Rock Climbing,equipment,scarpa climbing shoes
Rock Climbing,equipment,evolv climbing shoes
Rock Climbing,equipment,five ten climbing shoes
Rock Climbing,equipment,climbing shoe sale
Rock Climbing,equipment,cheap climbing shoes
Rock Climbing,equipment,buy chalk bag
Rock Climbing,equipment,climbing equipment
Rock Climbing,equipment,buy belay device
Rock Climbing,equipment,climbing carabiners
Rock Climbing,equipment,climbing quickdraws
Rock Climbing,equipment,climbing helmet
Rock Climbing,equipment,where to buy climbing gear
Rock Climbing,equipment,climbing gear store
Rock Climbing,equipment,used climbing gear
Rock Climbing,equipment,climbing accessories
Rock Climbing,behavioral,rock climbing
Rock Climbing,behavioral,climbing
Rock Climbing,behavioral,bouldering
Rock Climbing,behavioral,climbing for beginners
Rock Climbing,behavioral,how to rock climb
Rock Climbing,behavioral,climbing gym near me
Rock Climbing,behavioral,indoor climbing
Rock Climbing,behavioral,outdoor climbing
Rock Climbing,behavioral,bouldering gym near me
Rock Climbing,behavioral,climbing technique
Rock Climbing,behavioral,climbing tips
Rock Climbing,behavioral,how to belay
Rock Climbing,behavioral,climbing grades
Rock Climbing,behavioral,v scale climbing
Rock Climbing,behavioral,climbing shoes guide
Rock Climbing,behavioral,bouldering vs rock climbing
Rock Climbing,behavioral,sport climbing
Rock Climbing,behavioral,trad climbing
Rock Climbing,behavioral,lead climbing
Rock Climbing,behavioral,top rope climbing
Rock Climbing,behavioral,climbing training
Rock Climbing,behavioral,climbing finger strength
Rock Climbing,behavioral,climbing routes
Rock Climbing,behavioral,best climbing areas
Rock Climbing,behavioral,climbing blog
Rock Climbing,behavioral,climbing community
Rock Climbing,behavioral,climbing videos
Rock Climbing,behavioral,crack climbing
Rock Climbing,behavioral,slab climbing
Rock Climbing,behavioral,overhang climbing
Rock Climbing,behavioral,climbing shoes review
Rock Climbing,behavioral,climbing gym
Rock Climbing,youtube,Mani the Monkey
Rock Climbing,youtube,Magnus Midtbø
Rock Climbing,youtube,Lattice Training
Rock Climbing,youtube,Dave MacLeod
Rock Climbing,youtube,Catalyst Climbing
Rock Climbing,youtube,Bouldering Bobat
Rock Climbing,youtube,EpicTV Climbing
Rock Climbing,youtube,Adam Ondra
Rock Climbing,youtube,Alex Honnold
Rock Climbing,youtube,Climbing Daily
Rock Climbing,youtube,Hooper's Beta
Rock Climbing,youtube,Ben's Climbing Videos
Rock Climbing,youtube,Hard is Easy
Rock Climbing,youtube,Rockentry
Rock Climbing,youtube,Wide Boyz
Rock Climbing,youtube,Reel Rock
Rock Climbing,youtube,Beta Break
Rock Climbing,youtube,Emil Abrahamsson
Rock Climbing,reddit,climbing
Rock Climbing,reddit,bouldering
Rock Climbing,reddit,climbharder
Rock Climbing,reddit,tradclimbing
Rock Climbing,reddit,alpinism
Rock Climbing,reddit,ClimbingCircleJerk
Rock Climbing,website,mountainproject.com
Rock Climbing,website,climbingmagazine.com
Rock Climbing,website,rockandice.com
Rock Climbing,website,climbing.com
Rock Climbing,website,ukclimbing.com
Rock Climbing,wikipedia,Rock_climbing
Bouldering,equipment,buy crash pad
Bouldering,equipment,bouldering crash pad
Bouldering,equipment,buy climbing shoes
Bouldering,equipment,bouldering shoes
Bouldering,equipment,chalk bag
Bouldering,equipment,climbing holds
Bouldering,equipment,bouldering gear
Bouldering,behavioral,bouldering
Bouldering,behavioral,bouldering for beginners
Bouldering,behavioral,how to boulder
Bouldering,behavioral,bouldering gym near me
Bouldering,behavioral,bouldering tips
Bouldering,behavioral,bouldering technique
Bouldering,behavioral,v scale bouldering
Bouldering,behavioral,bouldering grades
Bouldering,behavioral,outdoor bouldering
Bouldering,behavioral,bouldering videos
Bouldering,youtube,Mani the Monkey
Bouldering,youtube,Magnus Midtbø
Bouldering,youtube,Bouldering Bobat
Bouldering,youtube,Catalyst Climbing
Bouldering,reddit,bouldering
Bouldering,reddit,climbing
Bouldering,website,mountainproject.com
Bouldering,website,99boulders.com
Bouldering,wikipedia,Bouldering
SUP,equipment,buy paddleboard
SUP,equipment,sup for sale
SUP,equipment,inflatable paddleboard
SUP,equipment,best sup 2024
SUP,equipment,paddleboard online
SUP,equipment,buy sup paddle
SUP,equipment,paddleboard near me
SUP,equipment,cheap paddleboard
SUP,equipment,used paddleboard
SUP,equipment,red paddle co
SUP,equipment,isle paddleboard
SUP,equipment,thurso surf paddleboard
SUP,equipment,bluefin sup
SUP,equipment,sup accessories
SUP,equipment,sup life jacket
SUP,equipment,buy sup pump
SUP,equipment,paddleboard sale
SUP,equipment,where to buy paddleboard
SUP,equipment,sup board deals
SUP,equipment,fishing paddleboard
SUP,equipment,yoga paddleboard
SUP,equipment,touring sup
SUP,behavioral,stand up paddleboarding
SUP,behavioral,sup
SUP,behavioral,paddleboarding
SUP,behavioral,paddleboarding for beginners
SUP,behavioral,how to sup
SUP,behavioral,sup near me
SUP,behavioral,paddleboarding tips
SUP,behavioral,sup technique
SUP,behavioral,best sup spots
SUP,behavioral,sup yoga
SUP,behavioral,sup fishing
SUP,behavioral,sup tours
SUP,behavioral,paddleboard lessons
SUP,behavioral,sup safety
SUP,behavioral,inflatable vs hard sup
SUP,behavioral,sup guide
SUP,behavioral,sup reviews
SUP,behavioral,paddleboarding videos
SUP,behavioral,sup community
SUP,behavioral,sup racing
SUP,behavioral,sup surfing
SUP,behavioral,how to paddle sup
SUP,behavioral,sup balance
SUP,behavioral,sup workout
SUP,youtube,SUP Boarding Magazine
SUP,youtube,PaddleTV
SUP,youtube,Starboard SUP
SUP,youtube,Red Paddle Co
SUP,youtube,iRocker SUP
SUP,youtube,Bluefin SUP
SUP,youtube,SUPpaul
SUP,youtube,Bote SUP
SUP,youtube,Tower Paddle Boards
SUP,reddit,Sup
SUP,reddit,paddleboarding
SUP,website,supboarder.com
SUP,website,supthemag.com
SUP,website,standupjournal.com
SUP,wikipedia,Stand_up_paddleboarding
Alpine Skiing,equipment,buy skis
Alpine Skiing,equipment,skis for sale
Alpine Skiing,equipment,best skis 2024
Alpine Skiing,equipment,ski equipment
Alpine Skiing,equipment,ski boots online
Alpine Skiing,equipment,buy ski boots
Alpine Skiing,equipment,buy ski poles
Alpine Skiing,equipment,ski gear
Alpine Skiing,equipment,ski clothing
Alpine Skiing,equipment,ski helmets
Alpine Skiing,equipment,ski goggles
Alpine Skiing,equipment,rossignol skis
Alpine Skiing,equipment,atomic skis
Alpine Skiing,equipment,salomon skis
Alpine Skiing,equipment,k2 skis
Alpine Skiing,equipment,volkl skis
Alpine Skiing,equipment,ski package
Alpine Skiing,equipment,cheap skis
Alpine Skiing,equipment,used skis
Alpine Skiing,equipment,ski sale
Alpine Skiing,equipment,where to buy skis
Alpine Skiing,equipment,ski shop near me
Alpine Skiing,equipment,ski bindings
Alpine Skiing,equipment,ski wax
Alpine Skiing,equipment,ski tuning
Alpine Skiing,equipment,ski accessories
Alpine Skiing,behavioral,skiing
Alpine Skiing,behavioral,skiing for beginners
Alpine Skiing,behavioral,how to ski
Alpine Skiing,behavioral,learn to ski
Alpine Skiing,behavioral,ski lessons
Alpine Skiing,behavioral,ski resorts near me
Alpine Skiing,behavioral,best ski resorts
Alpine Skiing,behavioral,ski tips
Alpine Skiing,behavioral,skiing technique
Alpine Skiing,behavioral,ski school
Alpine Skiing,behavioral,parallel skiing
Alpine Skiing,behavioral,carving skiing
Alpine Skiing,behavioral,mogul skiing
Alpine Skiing,behavioral,powder skiing
Alpine Skiing,behavioral,backcountry skiing
Alpine Skiing,behavioral,ski touring
Alpine Skiing,behavioral,alpine skiing
Alpine Skiing,behavioral,nordic skiing
Alpine Skiing,behavioral,cross country skiing
Alpine Skiing,behavioral,ski pass
Alpine Skiing,behavioral,ski vacation
Alpine Skiing,behavioral,ski blog
Alpine Skiing,behavioral,skiing videos
Alpine Skiing,behavioral,skiing safety
Alpine Skiing,behavioral,ski gear guide
Alpine Skiing,behavioral,ski boot fitting
Alpine Skiing,behavioral,ski conditions
Alpine Skiing,behavioral,skiing community
Alpine Skiing,youtube,Ski School by Elate Media
Alpine Skiing,youtube,Stomp It Tutorials
Alpine Skiing,youtube,SkiTalk
Alpine Skiing,youtube,SkiEssentials.com
Alpine Skiing,youtube,FREESKIER Magazine
Alpine Skiing,youtube,Newschoolers
Alpine Skiing,youtube,Warren Miller Entertainment
Alpine Skiing,youtube,TGR
Alpine Skiing,youtube,Powder Magazine
Alpine Skiing,youtube,Faction Skis
Alpine Skiing,youtube,Level 1 Productions
Alpine Skiing,youtube,Salomon Freeski TV
Alpine Skiing,youtube,Matchstick Productions
Alpine Skiing,youtube,Poor Boyz Productions
Alpine Skiing,youtube,Ski The East
Alpine Skiing,reddit,skiing
Alpine Skiing,reddit,backcountryskiing
Alpine Skiing,reddit,icecoast
Alpine Skiing,reddit,COsnow
Alpine Skiing,website,powder.com
Alpine Skiing,website,freeskier.com
Alpine Skiing,website,newschoolers.com
Alpine Skiing,website,tetongravity.com
Alpine Skiing,website,onthesnow.com
Alpine Skiing,wikipedia,Skiing
Snowboarding,equipment,buy snowboard
Snowboarding,equipment,snowboard for sale
Snowboarding,equipment,best snowboard 2024
Snowboarding,equipment,snowboard online
Snowboarding,equipment,snowboard package
Snowboarding,equipment,buy snowboard boots
Snowboarding,equipment,buy snowboard bindings
Snowboarding,equipment,snowboard gear
Snowboarding,equipment,snowboard clothing
Snowboarding,equipment,burton snowboard
Snowboarding,equipment,lib tech snowboard
Snowboarding,equipment,rome snowboard
Snowboarding,equipment,gnu snowboard
Snowboarding,equipment,capita snowboard
Snowboarding,equipment,ride snowboard
Snowboarding,equipment,cheap snowboard
Snowboarding,equipment,used snowboard
Snowboarding,equipment,snowboard sale
Snowboarding,equipment,snowboard near me
Snowboarding,equipment,where to buy snowboard
Snowboarding,equipment,snowboard equipment
Snowboarding,equipment,snowboard helmet
Snowboarding,equipment,snowboard goggles
Snowboarding,equipment,snowboard jacket
Snowboarding,equipment,snowboard pants
Snowboarding,equipment,snowboard accessories
Snowboarding,equipment,snowboard wax
Snowboarding,equipment,snowboard tuning
Snowboarding,behavioral,snowboarding
Snowboarding,behavioral,snowboarding for beginners
Snowboarding,behavioral,how to snowboard
Snowboarding,behavioral,learn to snowboard
Snowboarding,behavioral,snowboard lessons
Snowboarding,behavioral,snowboard school
Snowboarding,behavioral,snowboarding tips
Snowboarding,behavioral,snowboarding technique
Snowboarding,behavioral,snowboard resorts near me
Snowboarding,behavioral,best snowboard resorts
Snowboarding,behavioral,snowboard tricks
Snowboarding,behavioral,snowboard jumps
Snowboarding,behavioral,snowboard park
Snowboarding,behavioral,halfpipe snowboarding
Snowboarding,behavioral,powder snowboarding
Snowboarding,behavioral,backcountry snowboarding
Snowboarding,behavioral,splitboarding
Snowboarding,behavioral,freestyle snowboarding
Snowboarding,behavioral,freeride snowboarding
Snowboarding,behavioral,snowboard videos
Snowboarding,behavioral,snowboard blog
Snowboarding,behavioral,snowboarding safety
Snowboarding,behavioral,snowboard gear guide
Snowboarding,behavioral,snowboard boot fitting
Snowboarding,behavioral,snowboard stance
Snowboarding,behavioral,snowboard waxing
Snowboarding,behavioral,snowboard maintenance
Snowboarding,behavioral,skiing vs snowboarding
Snowboarding,behavioral,snowboarding community
Snowboarding,behavioral,snowboard movies
Snowboarding,youtube,Snowboard Addiction
Snowboarding,youtube,SnowboardProCamp
Snowboarding,youtube,Ryan Knapton
Snowboarding,youtube,Shred Bots
Snowboarding,youtube,TransWorld SNOWboarding
Snowboarding,youtube,Shredbots
Snowboarding,youtube,Burton Snowboards
Snowboarding,youtube,Tactics Boardshop
Snowboarding,youtube,Nitro Snowboards
Snowboarding,youtube,Board Archive
Snowboarding,youtube,Snowboard Asylum
Snowboarding,youtube,TheHouse.com
Snowboarding,youtube,Red Bull Snow
Snowboarding,youtube,Travis Rice
Snowboarding,youtube,Jeremy Jones
Snowboarding,reddit,snowboarding
Snowboarding,reddit,snowboardingnoobs
Snowboarding,reddit,Spliddit
Snowboarding,website,transworld.net
Snowboarding,website,snowboarder.com
Snowboarding,website,whitelines.com
Snowboarding,website,boardworld.com
Snowboarding,wikipedia,Snowboarding
Surfing,equipment,buy surfboard
Surfing,equipment,surfboard for sale
Surfing,equipment,best surfboard 2024
Surfing,equipment,surfboard online
Surfing,equipment,buy surfboard near me
Surfing,equipment,cheap surfboard
Surfing,equipment,used surfboard
Surfing,equipment,beginner surfboard
Surfing,equipment,shortboard
Surfing,equipment,longboard surfing
Surfing,equipment,fish surfboard
Surfing,equipment,funboard
Surfing,equipment,buy wetsuit
Surfing,equipment,surfing wetsuit
Surfing,equipment,surf fins
Surfing,equipment,buy surf leash
Surfing,equipment,surf wax
Surfing,equipment,surfboard bag
Surfing,equipment,surfboard rack
Surfing,equipment,channel islands surfboard
Surfing,equipment,lost surfboards
Surfing,equipment,firewire surfboards
Surfing,equipment,js surfboards
Surfing,equipment,surftech surfboard
Surfing,equipment,surfboard shaper
Surfing,equipment,custom surfboard
Surfing,equipment,surfboard sale
Surfing,equipment,where to buy surfboard
Surfing,equipment,surf shop near me
Surfing,equipment,surf gear
Surfing,behavioral,surfing
Surfing,behavioral,surf
Surfing,behavioral,surfing for beginners
Surfing,behavioral,how to surf
Surfing,behavioral,learn to surf
Surfing,behavioral,surf lessons
Surfing,behavioral,surf school
Surfing,behavioral,surf camp
Surfing,behavioral,surfing tips
Surfing,behavioral,surfing technique
Surfing,behavioral,surf spots near me
Surfing,behavioral,best surf spots
Surfing,behavioral,surf report
Surfing,behavioral,surf forecast
Surfing,behavioral,surf conditions
Surfing,behavioral,wave height
Surfing,behavioral,surf etiquette
Surfing,behavioral,how to paddle surf
Surfing,behavioral,how to pop up surfing
Surfing,behavioral,how to duck dive
Surfing,behavioral,surf videos
Surfing,behavioral,surfing blog
Surfing,behavioral,surfing community
Surfing,behavioral,longboarding surfing
Surfing,behavioral,shortboarding
Surfing,behavioral,big wave surfing
Surfing,behavioral,tow surfing
Surfing,behavioral,surfboard guide
Surfing,behavioral,surfboard types
Surfing,behavioral,surfing safety
Surfing,behavioral,surf culture
Surfing,behavioral,surf movies
Surfing,youtube,Koa Rothman
Surfing,youtube,Jamie O'Brien
Surfing,youtube,Nathan Florence
Surfing,youtube,Ben Gravy
Surfing,youtube,Brad Jacobson
Surfing,youtube,Kale Brock
Surfing,youtube,Joyride TV
Surfing,youtube,STAB Magazine
Surfing,youtube,Surf Simply
Surfing,youtube,Barefoot Surf
Surfing,youtube,Noel Salas
Surfing,youtube,How To Surf
Surfing,youtube,Surf Station Store
Surfing,youtube,Surf Europe
Surfing,youtube,BeachGrit
Surfing,youtube,Surfline
Surfing,youtube,SURFER Magazine
Surfing,youtube,World Surf League
Surfing,reddit,surfing
Surfing,reddit,BeginnerSurfers
Surfing,reddit,surfboard
Surfing,website,surfline.com
Surfing,website,magicseaweed.com
Surfing,website,theinertia.com
Surfing,website,stabmag.com
Surfing,website,surfermag.com
Surfing,wikipedia,Surfing
Scuba Diving,equipment,buy scuba gear
Scuba Diving,equipment,scuba equipment
Scuba Diving,equipment,dive gear for sale
Scuba Diving,equipment,buy bcd
Scuba Diving,equipment,buy regulator scuba
Scuba Diving,equipment,scuba mask
Scuba Diving,equipment,buy dive computer
Scuba Diving,equipment,scuba fins
Scuba Diving,equipment,buy wetsuit diving
Scuba Diving,equipment,drysuit scuba
Scuba Diving,equipment,scuba tanks
Scuba Diving,equipment,dive lights
Scuba Diving,equipment,scuba accessories
Scuba Diving,equipment,underwater camera
Scuba Diving,equipment,dive watch
Scuba Diving,equipment,scuba gear package
Scuba Diving,equipment,cheap scuba gear
Scuba Diving,equipment,used scuba gear
Scuba Diving,equipment,scuba pro gear
Scuba Diving,equipment,aqualung scuba
Scuba Diving,equipment,cressi scuba
Scuba Diving,equipment,mares scuba
Scuba Diving,equipment,oceanic scuba
Scuba Diving,equipment,suunto dive computer
Scuba Diving,equipment,shearwater dive computer
Scuba Diving,equipment,scuba gear online
Scuba Diving,equipment,where to buy scuba gear
Scuba Diving,equipment,dive shop near me
Scuba Diving,equipment,scuba gear sale
Scuba Diving,equipment,scuba gear deals
Scuba Diving,equipment,snorkeling gear
Scuba Diving,equipment,buy dive knife
Scuba Diving,behavioral,scuba diving
Scuba Diving,behavioral,diving
Scuba Diving,behavioral,scuba diving for beginners
Scuba Diving,behavioral,how to scuba dive
Scuba Diving,behavioral,learn to scuba dive
Scuba Diving,behavioral,scuba diving lessons
Scuba Diving,behavioral,scuba certification
Scuba Diving,behavioral,padi certification
Scuba Diving,behavioral,ssi certification
Scuba Diving,behavioral,open water certification
Scuba Diving,behavioral,dive course
Scuba Diving,behavioral,scuba diving tips
Scuba Diving,behavioral,diving technique
Scuba Diving,behavioral,best dive sites
Scuba Diving,behavioral,dive resorts
Scuba Diving,behavioral,liveaboard diving
Scuba Diving,behavioral,wreck diving
Scuba Diving,behavioral,cave diving
Scuba Diving,behavioral,technical diving
Scuba Diving,behavioral,nitrox diving
Scuba Diving,behavioral,deep diving
Scuba Diving,behavioral,night diving
Scuba Diving,behavioral,underwater photography
Scuba Diving,behavioral,dive log
Scuba Diving,behavioral,dive buddy
Scuba Diving,behavioral,dive safety
Scuba Diving,behavioral,scuba diving videos
Scuba Diving,behavioral,diving blog
Scuba Diving,youtube,DALLMYD
Scuba Diving,youtube,Divers Ready
Scuba Diving,youtube,ScubaLab
Scuba Diving,youtube,Simply Scuba
Scuba Diving,youtube,Jonathan Bird's Blue World
Scuba Diving,youtube,Mark and Yuri's Dive Channel
Scuba Diving,youtube,Dive Talk
Scuba Diving,youtube,The Ocean Agency
Scuba Diving,youtube,Underwater Tribe
Scuba Diving,youtube,Girl That Scuba
Scuba Diving,youtube,Cressi Diving
Scuba Diving,youtube,Deep Blue Dive
Scuba Diving,youtube,Scuba.com
Scuba Diving,youtube,DAN
Scuba Diving,reddit,scuba
Scuba Diving,reddit,diving
Scuba Diving,reddit,ScubaDivingGear
Scuba Diving,website,scubaboard.com
Scuba Diving,website,divernet.com
Scuba Diving,website,sportdiver.com
Scuba Diving,website,scubadiving.com
Scuba Diving,wikipedia,Scuba_diving
Slacklining,equipment,buy slackline
Slacklining,equipment,slackline kit
Slacklining,equipment,slackline for sale
Slacklining,equipment,gibbon slackline
Slacklining,equipment,best slackline 2024
Slacklining,equipment,slackline online
Slacklining,equipment,buy slackline near me
Slacklining,equipment,cheap slackline
Slacklining,equipment,slackline set
Slacklining,equipment,slackline ratchet
Slacklining,equipment,slackline tree protectors
Slacklining,equipment,slackline accessories
Slacklining,equipment,longline
Slacklining,equipment,highline gear
Slacklining,equipment,slackline webbing
Slacklining,equipment,slackline carabiners
Slacklining,equipment,slackline sale
Slacklining,equipment,where to buy slackline
Slacklining,behavioral,slacklining
Slacklining,behavioral,slackline
Slacklining,behavioral,slacklining for beginners
Slacklining,behavioral,how to slackline
Slacklining,behavioral,learn to slackline
Slacklining,behavioral,slackline tips
Slacklining,behavioral,slackline technique
Slacklining,behavioral,slackline balance
Slacklining,behavioral,slackline tricks
Slacklining,behavioral,highlining
Slacklining,behavioral,longlining
Slacklining,behavioral,waterline
Slacklining,behavioral,slackline parks near me
Slacklining,behavioral,slackline community
Slacklining,behavioral,slackline videos
Slacklining,behavioral,slackline setup
Slacklining,behavioral,how to setup slackline
Slacklining,behavioral,slackline safety
Slacklining,behavioral,slackline anchor
Slacklining,behavioral,slackline tension
Slacklining,behavioral,slackline walking
Slacklining,behavioral,slackline training
Slacklining,youtube,How Not To Highline
Slacklining,youtube,Slackline Industries
Slacklining,youtube,Gibbon Slacklines
Slacklining,youtube,The Slacklife
Slacklining,youtube,Balance Community
Slacklining,youtube,Alexander Schulz
Slacklining,youtube,Lukas Irmler
Slacklining,youtube,Nathan Paulin
Slacklining,youtube,World Slackline Federation
Slacklining,youtube,Hangover Highliners
Slacklining,reddit,Slackline
Slacklining,website,slackline.com
Slacklining,website,slackchat.com
Slacklining,website,slacklineinternational.org
Slacklining,website,balancecommunity.com
Slacklining,wikipedia,Slacklining
Wingfoiling,equipment,buy wing foil
Wingfoiling,equipment,wingfoil for sale
Wingfoiling,equipment,wing foil package
Wingfoiling,equipment,buy wing surf
Wingfoiling,equipment,wing foil board
Wingfoiling,equipment,wing foil wing
Wingfoiling,equipment,hydrofoil wing
Wingfoiling,equipment,buy foil board
Wingfoiling,equipment,wing foil gear
Wingfoiling,equipment,duotone wing
Wingfoiling,equipment,slingshot wing
Wingfoiling,equipment,f-one wing
Wingfoiling,equipment,naish wing
Wingfoiling,equipment,cabrinha wing
Wingfoiling,equipment,ozone wing
Wingfoiling,equipment,cheap wing foil
Wingfoiling,equipment,used wing foil
Wingfoiling,equipment,wing foil sale
Wingfoiling,equipment,wing foil online
Wingfoiling,equipment,where to buy wing foil
Wingfoiling,equipment,wing foil equipment
Wingfoiling,equipment,wing foil accessories
Wingfoiling,equipment,wing foil mast
Wingfoiling,equipment,wing foil fuselage
Wingfoiling,equipment,wing foil stabilizer
Wingfoiling,equipment,wing foil front wing
Wingfoiling,behavioral,wingfoiling
Wingfoiling,behavioral,wing foiling
Wingfoiling,behavioral,wingsurfing
Wingfoiling,behavioral,wingsurf
Wingfoiling,behavioral,what is wing foiling
Wingfoiling,behavioral,wing foil for beginners
Wingfoiling,behavioral,how to wing foil
Wingfoiling,behavioral,learn wing foiling
Wingfoiling,behavioral,wing foil lessons
Wingfoiling,behavioral,wing foil school
Wingfoiling,behavioral,wing foil tips
Wingfoiling,behavioral,wing foil technique
Wingfoiling,behavioral,wing foiling vs kitesurfing
Wingfoiling,behavioral,wing foiling spots
Wingfoiling,behavioral,wing foil videos
Wingfoiling,behavioral,wing foil blog
Wingfoiling,behavioral,wing foil community
Wingfoiling,behavioral,wing foil progression
Wingfoiling,behavioral,wing foil jibes
Wingfoiling,behavioral,wing foil tacks
Wingfoiling,behavioral,wing foil jumps
Wingfoiling,behavioral,wing foil gear guide
Wingfoiling,behavioral,wing foil setup
Wingfoiling,behavioral,wing foil sizing
Wingfoiling,youtube,Maui Ultra Fins
Wingfoiling,youtube,Wing Foil Magazine
Wingfoiling,youtube,WOO Sports
Wingfoiling,youtube,Hood River Waterplay
Wingfoiling,youtube,Kai Lenny
Wingfoiling,youtube,Balz Müller
Wingfoiling,youtube,Alan Cadiz
Wingfoiling,youtube,Duotone Windsurfing
Wingfoiling,youtube,Slingshot Sports
Wingfoiling,youtube,F-ONE Kiteboarding
Wingfoiling,youtube,Lift Foils
Wingfoiling,youtube,Armstrong Foils
Wingfoiling,reddit,Wingfoil
Wingfoiling,reddit,foiling
Wingfoiling,website,wingfoilmagazine.com
Wingfoiling,website,wingfoiler.com
Wingfoiling,website,thefoiling.com
Wingfoiling,website,ikitesurf.com
Wingfoiling,wikipedia,Wingfoil
Spearfishing,equipment,buy speargun
Spearfishing,equipment,speargun for sale
Spearfishing,equipment,best speargun 2024
Spearfishing,equipment,spearfishing gear
Spearfishing,equipment,buy freediving fins
Spearfishing,equipment,freediving mask
Spearfishing,equipment,spearfishing wetsuit
Spearfishing,equipment,buy spearfishing knife
Spearfishing,equipment,spearfishing floats
Spearfishing,equipment,spearfishing weight belt
Spearfishing,equipment,spearfishing accessories
Spearfishing,equipment,pole spear
Spearfishing,equipment,hawaiian sling
Spearfishing,equipment,rob allen speargun
Spearfishing,equipment,riffe speargun
Spearfishing,equipment,cressi speargun
Spearfishing,equipment,mares speargun
Spearfishing,equipment,omer speargun
Spearfishing,equipment,spearfishing reel
Spearfishing,equipment,spearfishing line
Spearfishing,equipment,cheap speargun
Spearfishing,equipment,used speargun
Spearfishing,equipment,speargun sale
Spearfishing,equipment,where to buy speargun
Spearfishing,equipment,spearfishing shop
Spearfishing,equipment,spearfishing equipment
Spearfishing,equipment,spearfishing buoy
Spearfishing,equipment,freediving computer
Spearfishing,behavioral,spearfishing
Spearfishing,behavioral,spearfishing for beginners
Spearfishing,behavioral,how to spearfish
Spearfishing,behavioral,learn spearfishing
Spearfishing,behavioral,spearfishing tips
Spearfishing,behavioral,spearfishing technique
Spearfishing,behavioral,freediving
Spearfishing,behavioral,freediving training
Spearfishing,behavioral,spearfishing spots
Spearfishing,behavioral,best spearfishing locations
Spearfishing,behavioral,spearfishing regulations
Spearfishing,behavioral,spearfishing safety
Spearfishing,behavioral,blue water hunting
Spearfishing,behavioral,shore diving spearfishing
Spearfishing,behavioral,spearfishing videos
Spearfishing,behavioral,spearfishing blog
Spearfishing,behavioral,spearfishing community
Spearfishing,behavioral,spearfishing species
Spearfishing,behavioral,spearfishing seasons
Spearfishing,behavioral,spearfishing vs scuba
Spearfishing,behavioral,spearfishing gear guide
Spearfishing,behavioral,speargun selection
Spearfishing,behavioral,spearfishing fins guide
Spearfishing,behavioral,breath hold training
Spearfishing,behavioral,spearfishing ethics
Spearfishing,behavioral,sustainable spearfishing
Spearfishing,youtube,YBS Youngbloods
Spearfishing,youtube,Spearfishing Life
Spearfishing,youtube,BlacktipH
Spearfishing,youtube,Spearfishing Today
Spearfishing,youtube,Neptonics Spearfishing
Spearfishing,youtube,Hawaii Skin Diver
Spearfishing,youtube,Depths Spearfishing
Spearfishing,youtube,Spearing Magazine
Spearfishing,youtube,Noob Spearo
Spearfishing,youtube,Rob Allen Diving
Spearfishing,youtube,The Underwater Hunter
Spearfishing,youtube,Spearfishing World
Spearfishing,youtube,One Breath Dive
Spearfishing,youtube,Spearfishing Reviews
Spearfishing,reddit,Spearfishing
Spearfishing,reddit,freediving
Spearfishing,website,spearboard.com
Spearfishing,website,spearfishing.com
Spearfishing,website,spearfishingworld.com
Spearfishing,website,spearingmagazine.com
Spearfishing,wikipedia,Spearfishing
Paragliding,equipment,buy paraglider
Paragliding,equipment,paraglider for sale
Paragliding,equipment,paragliding wing
Paragliding,equipment,used paraglider
Paragliding,equipment,paragliding harness
Paragliding,equipment,buy paragliding equipment
Paragliding,equipment,paragliding reserve parachute
Paragliding,equipment,paragliding helmet
Paragliding,equipment,paragliding variometer
Paragliding,equipment,buy paragliding gear
Paragliding,equipment,ozone paraglider
Paragliding,equipment,advance paraglider
Paragliding,equipment,nova paraglider
Paragliding,equipment,gin paragliders
Paragliding,equipment,niviuk paraglider
Paragliding,equipment,sup air harness
Paragliding,equipment,cheap paraglider
Paragliding,equipment,paraglider sale
Paragliding,equipment,where to buy paraglider
Paragliding,equipment,paragliding accessories
Paragliding,equipment,paragliding instruments
Paragliding,equipment,paragliding radio
Paragliding,equipment,paragliding gloves
Paragliding,equipment,paragliding boots
Paragliding,equipment,beginner paraglider
Paragliding,equipment,paragliding package
Paragliding,behavioral,paragliding
Paragliding,behavioral,paragliding for beginners
Paragliding,behavioral,how to paraglide
Paragliding,behavioral,learn to paraglide
Paragliding,behavioral,paragliding lessons
Paragliding,behavioral,paragliding school
Paragliding,behavioral,paragliding course
Paragliding,behavioral,tandem paragliding
Paragliding,behavioral,paragliding tips
Paragliding,behavioral,paragliding technique
Paragliding,behavioral,paragliding sites near me
Paragliding,behavioral,best paragliding spots
Paragliding,behavioral,paragliding license
Paragliding,behavioral,ushpa certification
Paragliding,behavioral,p2 rating
Paragliding,behavioral,p3 rating
Paragliding,behavioral,paragliding safety
Paragliding,behavioral,paragliding weather
Paragliding,behavioral,paragliding thermals
Paragliding,behavioral,paragliding cross country
Paragliding,behavioral,acro paragliding
Paragliding,behavioral,speedflying
Paragliding,behavioral,paragliding videos
Paragliding,behavioral,paragliding blog
Paragliding,behavioral,paragliding community
Paragliding,behavioral,paragliding equipment guide
Paragliding,behavioral,wing selection
Paragliding,behavioral,paragliding training
Paragliding,youtube,Greg Hamerton
Paragliding,youtube,Fly with Gaz
Paragliding,youtube,Scout Paragliding
Paragliding,youtube,Red Bull Paragliding
Paragliding,youtube,Jocky Sanderson
Paragliding,youtube,The Cloudbase Mayhem
Paragliding,youtube,Tucker Gott
Paragliding,youtube,Paragliding Brasil
Paragliding,youtube,Dell Schanze
Paragliding,youtube,Flybubble Paragliding
Paragliding,youtube,Piotrek Majka
Paragliding,youtube,Paragliding Forum
Paragliding,youtube,Ozone Paragliders
Paragliding,youtube,Advance Paragliders
Paragliding,reddit,freeflight
Paragliding,reddit,Paragliding
Paragliding,reddit,ParaglidingPorn
Paragliding,website,paraglidingforum.com
Paragliding,website,ushpa.org
Paragliding,website,xcmag.com
Paragliding,website,cross-country-magazine.com
Paragliding,wikipedia,Paragliding
Kitesurfing,equipment,buy kite
Kitesurfing,equipment,kitesurfing kite
Kitesurfing,equipment,kiteboarding equipment
Kitesurfing,equipment,buy kiteboard
Kitesurfing,equipment,kite foil board
Kitesurfing,equipment,kite control bar
Kitesurfing,equipment,kite harness
Kitesurfing,equipment,buy kitesurfing gear
Kitesurfing,equipment,used kite gear
Kitesurfing,equipment,cabrinha kite
Kitesurfing,equipment,duotone kite
Kitesurfing,equipment,ozone kite
Kitesurfing,equipment,naish kite
Kitesurfing,equipment,slingshot kite
Kitesurfing,equipment,north kite
Kitesurfing,equipment,airush kite
Kitesurfing,equipment,cheap kite gear
Kitesurfing,equipment,kite sale
Kitesurfing,equipment,kiteboarding package
Kitesurfing,equipment,beginner kite
Kitesurfing,equipment,kitesurfing wetsuit
Kitesurfing,equipment,kite pump
Kitesurfing,equipment,kite repair kit
Kitesurfing,equipment,kite lines
Kitesurfing,equipment,kiteboarding accessories
Kitesurfing,equipment,where to buy kite
Kitesurfing,equipment,kite shop near me
Kitesurfing,equipment,kitesurfing equipment sale
Kitesurfing,equipment,buy kiteboard online
Kitesurfing,equipment,kite gear deals
Kitesurfing,equipment,kitesurfing gear package
Kitesurfing,equipment,kitefoil complete
Kitesurfing,behavioral,kitesurfing
Kitesurfing,behavioral,kiteboarding
Kitesurfing,behavioral,kitesurf
Kitesurfing,behavioral,kitesurfing for beginners
Kitesurfing,behavioral,how to kitesurf
Kitesurfing,behavioral,learn to kitesurf
Kitesurfing,behavioral,kitesurfing lessons
Kitesurfing,behavioral,kite school
Kitesurfing,behavioral,iko certification
Kitesurfing,behavioral,kitesurfing tips
Kitesurfing,behavioral,kitesurfing technique
Kitesurfing,behavioral,kitesurfing spots near me
Kitesurfing,behavioral,best kitesurfing destinations
Kitesurfing,behavioral,kitesurfing wind
Kitesurfing,behavioral,kitesurfing safety
Kitesurfing,behavioral,kitesurfing videos
Kitesurfing,behavioral,kitesurfing tricks
Kitesurfing,behavioral,kitesurfing jumps
Kitesurfing,behavioral,kiteboard vs twintip
Kitesurfing,behavioral,kite sizing
Kitesurfing,behavioral,kitesurfing progression
Kitesurfing,behavioral,kitesurfing community
Kitesurfing,behavioral,kitesurfing blog
Kitesurfing,behavioral,kitesurfing weather
Kitesurfing,behavioral,kite launch
Kitesurfing,behavioral,kite landing
Kitesurfing,behavioral,self launch kiting
Kitesurfing,behavioral,hydrofoil kitesurfing
Kitesurfing,behavioral,strapless kitesurfing
Kitesurfing,behavioral,kitesurfing gear guide
Kitesurfing,youtube,Progression Kiteboarding
Kitesurfing,youtube,Brandon Scheid
Kitesurfing,youtube,Ydwer van der Heide
Kitesurfing,youtube,The Kite Mag
Kitesurfing,youtube,Kristin Boese
Kitesurfing,youtube,Duotone Kiteboarding
Kitesurfing,youtube,Cabrinha Kites
Kitesurfing,youtube,Slingshot Sports
Kitesurfing,youtube,North Kiteboarding
Kitesurfing,youtube,Lewis Crathern
Kitesurfing,youtube,Alex Pastor
Kitesurfing,youtube,Aaron Hadlow
Kitesurfing,youtube,Gisela Pulido
Kitesurfing,youtube,Ride with Blake
Kitesurfing,youtube,Ozone Kites
Kitesurfing,youtube,Real Kitesurf
Kitesurfing,reddit,Kiteboarding
Kitesurfing,reddit,Kite
Kitesurfing,website,ikitesurf.com
Kitesurfing,website,thekitemag.com
Kitesurfing,website,kitesurfingmagazine.com
Kitesurfing,website,kiteforum.com
Kitesurfing,wikipedia,Kitesurfing
Skydiving,equipment,buy parachute
Skydiving,equipment,skydiving parachute
Skydiving,equipment,skydiving rig
Skydiving,equipment,buy main canopy
Skydiving,equipment,reserve parachute
Skydiving,equipment,skydiving container
Skydiving,equipment,skydiving harness
Skydiving,equipment,buy aad skydiving
Skydiving,equipment,cypress aad
Skydiving,equipment,vigil aad
Skydiving,equipment,skydiving altimeter
Skydiving,equipment,skydiving helmet
Skydiving,equipment,skydiving jumpsuit
Skydiving,equipment,skydiving goggles
Skydiving,equipment,used skydiving gear
Skydiving,equipment,skydiving equipment
Skydiving,equipment,skydiving accessories
Skydiving,equipment,canopy for sale
Skydiving,equipment,wings parachute
Skydiving,equipment,icarus canopy
Skydiving,equipment,pd canopy
Skydiving,equipment,aerodyne canopy
Skydiving,equipment,skydiving rig package
Skydiving,equipment,complete skydiving system
Skydiving,equipment,where to buy skydiving gear
Skydiving,equipment,skydiving gear sale
Skydiving,equipment,cheap skydiving gear
Skydiving,equipment,student skydiving rig
Skydiving,behavioral,skydiving
Skydiving,behavioral,skydiving for beginners
Skydiving,behavioral,how to skydive
Skydiving,behavioral,learn to skydive
Skydiving,behavioral,tandem skydiving
Skydiving,behavioral,skydiving lessons
Skydiving,behavioral,aff course
Skydiving,behavioral,skydiving license
Skydiving,behavioral,uspa certification
Skydiving,behavioral,a license skydiving
Skydiving,behavioral,skydiving tips
Skydiving,behavioral,skydiving technique
Skydiving,behavioral,skydiving near me
Skydiving,behavioral,best skydiving locations
Skydiving,behavioral,skydiving safety
Skydiving,behavioral,skydiving videos
Skydiving,behavioral,skydiving blog
Skydiving,behavioral,skydiving community
Skydiving,behavioral,freefall
Skydiving,behavioral,canopy flight
Skydiving,behavioral,formation skydiving
Skydiving,behavioral,wingsuit flying
Skydiving,behavioral,swooping
Skydiving,behavioral,skydiving gear guide
Skydiving,behavioral,skydiving progression
Skydiving,behavioral,skydiving cost
Skydiving,youtube,Brian Germain
Skydiving,youtube,Performance Designs
Skydiving,youtube,Icarus Canopies
Skydiving,youtube,Skydive Carolina
Skydiving,youtube,Skydive Dubai
Skydiving,youtube,Red Bull Skydiving
Skydiving,youtube,Sun Path Products
Skydiving,youtube,Squirrel Wingsuits
Skydiving,youtube,Phoenix-Fly
Skydiving,youtube,Cookie Composites
Skydiving,youtube,Tonysuits
Skydiving,youtube,Skydive TV
Skydiving,youtube,USPA
Skydiving,youtube,Axis Flight School
Skydiving,reddit,SkyDiving
Skydiving,reddit,skydiving_videos
Skydiving,website,dropzone.com
Skydiving,website,parachutistonline.com
Skydiving,website,skydivemag.com
Skydiving,website,uspa.org
Skydiving,wikipedia,Skydiving
Hang Gliding,equipment,buy hang glider
Hang Gliding,equipment,hang glider for sale
Hang Gliding,equipment,used hang glider
Hang Gliding,equipment,hang gliding wing
Hang Gliding,equipment,hang gliding harness
Hang Gliding,equipment,hang gliding helmet
Hang Gliding,equipment,hang gliding variometer
Hang Gliding,equipment,hang gliding parachute
Hang Gliding,equipment,wills wing hang glider
Hang Gliding,equipment,moyes hang glider
Hang Gliding,equipment,icaro hang glider
Hang Gliding,equipment,airborne hang glider
Hang Gliding,equipment,hang gliding equipment
Hang Gliding,equipment,hang gliding accessories
Hang Gliding,equipment,hang gliding gear
Hang Gliding,equipment,cheap hang glider
Hang Gliding,equipment,hang glider sale
Hang Gliding,equipment,where to buy hang glider
Hang Gliding,equipment,beginner hang glider
Hang Gliding,equipment,hang gliding package
Hang Gliding,behavioral,hang gliding
Hang Gliding,behavioral,hang gliding for beginners
Hang Gliding,behavioral,how to hang glide
Hang Gliding,behavioral,learn hang gliding
Hang Gliding,behavioral,hang gliding lessons
Hang Gliding,behavioral,hang gliding school
Hang Gliding,behavioral,hang gliding course
Hang Gliding,behavioral,tandem hang gliding
Hang Gliding,behavioral,hang gliding tips
Hang Gliding,behavioral,hang gliding technique
Hang Gliding,behavioral,hang gliding sites near me
Hang Gliding,behavioral,best hang gliding spots
Hang Gliding,behavioral,hang gliding license
Hang Gliding,behavioral,ushpa hang gliding
Hang Gliding,behavioral,h2 rating
Hang Gliding,behavioral,h3 rating
Hang Gliding,behavioral,hang gliding safety
Hang Gliding,behavioral,hang gliding weather
Hang Gliding,behavioral,hang gliding cross country
Hang Gliding,behavioral,hang gliding videos
Hang Gliding,behavioral,hang gliding blog
Hang Gliding,behavioral,hang gliding community
Hang Gliding,behavioral,hang gliding vs paragliding
Hang Gliding,behavioral,hang gliding training
Hang Gliding,youtube,Cloud 9 Hang Gliding
Hang Gliding,youtube,Wills Wing
Hang Gliding,youtube,Moyes Microlights
Hang Gliding,youtube,Wallaby Ranch
Hang Gliding,youtube,Hang Gliding Federation of Australia
Hang Gliding,youtube,Quest Air Hang Gliding
Hang Gliding,youtube,Bay Area Hang Gliding
Hang Gliding,youtube,Lookout Mountain Flight Park
Hang Gliding,reddit,freeflight
Hang Gliding,reddit,hanggliding
Hang Gliding,website,ushpa.org
Hang Gliding,website,hangglidingwiki.org
Hang Gliding,website,hanggliding.org
Hang Gliding,wikipedia,Hang_gliding
Road Racing,equipment,buy road bike racing
Road Racing,equipment,carbon road bike
Road Racing,equipment,aero road bike
Road Racing,equipment,buy cycling power meter
Road Racing,equipment,cycling training equipment
Road Racing,equipment,buy turbo trainer
Road Racing,equipment,wahoo kickr
Road Racing,equipment,tacx neo
Road Racing,equipment,buy cycling computer
Road Racing,equipment,garmin edge
Road Racing,equipment,cycling shoes road
Road Racing,equipment,buy bib shorts
Road Racing,equipment,cycling jersey
Road Racing,equipment,cycling wheels
Road Racing,equipment,carbon wheels
Road Racing,equipment,buy bike saddle
Road Racing,equipment,buy cycling pedals
Road Racing,equipment,shimano ultegra
Road Racing,equipment,shimano dura ace
Road Racing,equipment,sram force
Road Racing,equipment,sram red
Road Racing,equipment,campagnolo
Road Racing,equipment,buy bike frame
Road Racing,equipment,cycling accessories racing
Road Racing,equipment,cycling nutrition products
Road Racing,equipment,buy energy gels
Road Racing,equipment,cycling hydration
Road Racing,equipment,zwift setup
Road Racing,equipment,buy smart trainer
Road Racing,equipment,where to buy racing bike
Road Racing,behavioral,road cycling racing
Road Racing,behavioral,criterium racing
Road Racing,behavioral,cycling races near me
Road Racing,behavioral,gran fondo
Road Racing,behavioral,cycling training
Road Racing,behavioral,ftp cycling
Road Racing,behavioral,cycling power training
Road Racing,behavioral,cycling intervals
Road Racing,behavioral,zwift
Road Racing,behavioral,trainerroad
Road Racing,behavioral,cycling coach
Road Racing,behavioral,cycling fitness
Road Racing,behavioral,vo2 max cycling
Road Racing,behavioral,cycling aerodynamics
Road Racing,behavioral,cycling position
Road Racing,behavioral,bike fitting
Road Racing,behavioral,cycling nutrition
Road Racing,behavioral,cycling recovery
Road Racing,behavioral,peloton racing
Road Racing,behavioral,breakaway tactics
Road Racing,behavioral,cycling sprint
Road Racing,behavioral,cycling climbing
Road Racing,behavioral,cycling time trial
Road Racing,behavioral,cycling cadence
Road Racing,behavioral,cycling watts
Road Racing,behavioral,cycling training plan
Road Racing,behavioral,cycling race calendar
Road Racing,behavioral,amateur cycling racing
Road Racing,youtube,Dylan Johnson
Road Racing,youtube,Cam Nicholls
Road Racing,youtube,TrainerRoad
Road Racing,youtube,Francis Cade
Road Racing,youtube,GCN Racing
Road Racing,youtube,Vegan Cyclist
Road Racing,youtube,Phil Gaimon
Road Racing,youtube,NorCal Cycling
Road Racing,youtube,Cycling Weekly
Road Racing,youtube,British Cycling
Road Racing,reddit,Velo
Road Racing,reddit,cycling
Road Racing,reddit,bicycling
Road Racing,reddit,peloton
Road Racing,website,cyclingtips.com
Road Racing,website,trainingpeaks.com
Road Racing,website,zwift.com
Road Racing,website,trainerroad.com
Road Racing,wikipedia,Road_racing
Ice Climbing,equipment,buy ice climbing axes
Ice Climbing,equipment,ice climbing tools
Ice Climbing,equipment,ice screws
Ice Climbing,equipment,ice climbing crampons
Ice Climbing,equipment,buy mountaineering boots
Ice Climbing,equipment,ice climbing helmet
Ice Climbing,equipment,ice climbing harness
Ice Climbing,equipment,ice climbing gloves
Ice Climbing,equipment,buy ice climbing gear
Ice Climbing,equipment,petzl ice tools
Ice Climbing,equipment,black diamond ice axes
Ice Climbing,equipment,grivel ice climbing
Ice Climbing,equipment,camp ice screws
Ice Climbing,equipment,ice climbing equipment
Ice Climbing,equipment,ice climbing accessories
Ice Climbing,equipment,technical ice tools
Ice Climbing,equipment,leashless ice tools
Ice Climbing,equipment,ice climbing protection
Ice Climbing,equipment,ice climbing rope
Ice Climbing,equipment,ice climbing carabiners
Ice Climbing,equipment,ice belay device
Ice Climbing,equipment,ice climbing backpack
Ice Climbing,equipment,avalanche beacon
Ice Climbing,equipment,avalanche probe
Ice Climbing,equipment,avalanche shovel
Ice Climbing,equipment,buy ice climbing package
Ice Climbing,equipment,where to buy ice climbing gear
Ice Climbing,equipment,used ice climbing gear
Ice Climbing,behavioral,ice climbing
Ice Climbing,behavioral,ice climbing for beginners
Ice Climbing,behavioral,how to ice climb
Ice Climbing,behavioral,learn ice climbing
Ice Climbing,behavioral,ice climbing lessons
Ice Climbing,behavioral,ice climbing course
Ice Climbing,behavioral,ice climbing guide
Ice Climbing,behavioral,ice climbing tips
Ice Climbing,behavioral,ice climbing technique
Ice Climbing,behavioral,ice climbing near me
Ice Climbing,behavioral,best ice climbing areas
Ice Climbing,behavioral,ice climbing grades
Ice Climbing,behavioral,wi rating ice
Ice Climbing,behavioral,mixed climbing
Ice Climbing,behavioral,alpine ice climbing
Ice Climbing,behavioral,waterfall ice climbing
Ice Climbing,behavioral,ice climbing safety
Ice Climbing,behavioral,ice climbing training
Ice Climbing,behavioral,ice climbing videos
Ice Climbing,behavioral,ice climbing blog
Ice Climbing,behavioral,ice climbing community
Ice Climbing,behavioral,ice climbing gear guide
Ice Climbing,behavioral,ice tool selection
Ice Climbing,behavioral,crampon technique
Ice Climbing,behavioral,ice screw placement
Ice Climbing,behavioral,dry tooling
Ice Climbing,youtube,Will Gadd
Ice Climbing,youtube,Conrad Anker
Ice Climbing,youtube,Alex Honnold
Ice Climbing,youtube,Arc'teryx
Ice Climbing,youtube,Black Diamond Equipment
Ice Climbing,youtube,Petzl Sport
Ice Climbing,youtube,Adam Ondra
Ice Climbing,youtube,Outdoor Research
Ice Climbing,youtube,HardIsEasy
Ice Climbing,youtube,Alpine Savvy
Ice Climbing,reddit,Alpinism
Ice Climbing,reddit,Mountaineering
Ice Climbing,reddit,iceclimbing
Ice Climbing,website,mountainproject.com
Ice Climbing,website,climbing.com
Ice Climbing,website,alpinist.com
Ice Climbing,wikipedia,Ice_climbing
BASE Jumping,equipment,buy base rig
BASE Jumping,equipment,base jumping parachute
BASE Jumping,equipment,base canopy
BASE Jumping,equipment,base container
BASE Jumping,equipment,base pilot chute
BASE Jumping,equipment,base jumping helmet
BASE Jumping,equipment,base jumping suit
BASE Jumping,equipment,wingsuit base
BASE Jumping,equipment,squirrel wingsuit
BASE Jumping,equipment,phoenix fly
BASE Jumping,equipment,buy base gear
BASE Jumping,equipment,used base rig
BASE Jumping,equipment,base jumping equipment
BASE Jumping,equipment,base jumping accessories
BASE Jumping,equipment,base specific canopy
BASE Jumping,equipment,base bridle
BASE Jumping,equipment,base pin
BASE Jumping,equipment,base closing loop
BASE Jumping,equipment,base riser covers
BASE Jumping,equipment,base jump tracking suit
BASE Jumping,equipment,base jumping altimeter
BASE Jumping,equipment,where to buy base gear
BASE Jumping,equipment,base rig for sale
BASE Jumping,equipment,base jumping package
BASE Jumping,behavioral,base jumping
BASE Jumping,behavioral,base jumping for beginners
BASE Jumping,behavioral,how to base jump
BASE Jumping,behavioral,learn base jumping
BASE Jumping,behavioral,base jumping course
BASE Jumping,behavioral,base jumping training
BASE Jumping,behavioral,base jumping requirements
BASE Jumping,behavioral,skydiving to base
BASE Jumping,behavioral,base jumping tips
BASE Jumping,behavioral,base jumping technique
BASE Jumping,behavioral,base jumping locations
BASE Jumping,behavioral,best base jumping spots
BASE Jumping,behavioral,base jumping safety
BASE Jumping,behavioral,base jumping videos
BASE Jumping,behavioral,base jumping blog
BASE Jumping,behavioral,base jumping community
BASE Jumping,behavioral,base jumping progression
BASE Jumping,behavioral,object types base
BASE Jumping,behavioral,antenna base jump
BASE Jumping,behavioral,span base jump
BASE Jumping,behavioral,earth base jump
BASE Jumping,behavioral,building base jump
BASE Jumping,youtube,Jeb Corliss
BASE Jumping,youtube,Brandon Mikesell
BASE Jumping,youtube,Roberta Mancino
BASE Jumping,youtube,Jokke Sommer
BASE Jumping,youtube,Ellen Brennan
BASE Jumping,youtube,Sketchy Andy
BASE Jumping,youtube,Miles Daisher
BASE Jumping,youtube,Douggs
BASE Jumping,youtube,Nitro Circus
BASE Jumping,youtube,Red Bull Base
BASE Jumping,youtube,GoPro BASE
BASE Jumping,reddit,SkyDiving
BASE Jumping,reddit,basejumping
BASE Jumping,website,basejumper.com
BASE Jumping,website,blincmagazine.com
BASE Jumping,wikipedia,BASE_jumping
Backcountry Skiing,equipment,buy touring skis
Backcountry Skiing,equipment,ski touring setup
Backcountry Skiing,equipment,at skis
Backcountry Skiing,equipment,alpine touring bindings
Backcountry Skiing,equipment,tech bindings
Backcountry Skiing,equipment,buy touring boots
Backcountry Skiing,equipment,ski touring skins
Backcountry Skiing,equipment,ski crampons
Backcountry Skiing,equipment,touring poles
Backcountry Skiing,equipment,buy splitboard
Backcountry Skiing,equipment,avalanche transceiver
Backcountry Skiing,equipment,avalanche airbag
Backcountry Skiing,equipment,buy avalanche probe
Backcountry Skiing,equipment,avalanche shovel
Backcountry Skiing,equipment,backcountry skiing gear
Backcountry Skiing,equipment,ski touring backpack
Backcountry Skiing,equipment,ski mountaineering equipment
Backcountry Skiing,equipment,dynafit bindings
Backcountry Skiing,equipment,marker kingpin
Backcountry Skiing,equipment,buy ski skins
Backcountry Skiing,equipment,pomoca skins
Backcountry Skiing,equipment,contour skins
Backcountry Skiing,equipment,black diamond skins
Backcountry Skiing,equipment,ski touring package
Backcountry Skiing,equipment,backcountry ski setup
Backcountry Skiing,equipment,where to buy touring skis
Backcountry Skiing,equipment,used touring skis
Backcountry Skiing,equipment,ski touring accessories
Backcountry Skiing,equipment,ski touring helmet
Backcountry Skiing,equipment,ski touring gloves
Backcountry Skiing,equipment,ski touring clothing
Backcountry Skiing,equipment,lightweight ski gear
Backcountry Skiing,behavioral,backcountry skiing
Backcountry Skiing,behavioral,ski touring
Backcountry Skiing,behavioral,alpine touring
Backcountry Skiing,behavioral,at skiing
Backcountry Skiing,behavioral,ski mountaineering
Backcountry Skiing,behavioral,skimo
Backcountry Skiing,behavioral,backcountry skiing for beginners
Backcountry Skiing,behavioral,how to ski tour
Backcountry Skiing,behavioral,learn ski touring
Backcountry Skiing,behavioral,avalanche safety course
Backcountry Skiing,behavioral,avalanche level 1
Backcountry Skiing,behavioral,ski touring tips
Backcountry Skiing,behavioral,ski touring technique
Backcountry Skiing,behavioral,ski touring near me
Backcountry Skiing,behavioral,best ski touring areas
Backcountry Skiing,behavioral,backcountry skiing safety
Backcountry Skiing,behavioral,skinning uphill
Backcountry Skiing,behavioral,ski touring transitions
Backcountry Skiing,behavioral,kick turns
Backcountry Skiing,behavioral,bootpack skiing
Backcountry Skiing,behavioral,avalanche forecast
Backcountry Skiing,behavioral,backcountry skiing videos
Backcountry Skiing,behavioral,ski touring blog
Backcountry Skiing,behavioral,ski touring community
Backcountry Skiing,behavioral,ski touring fitness
Backcountry Skiing,behavioral,ski touring routes
Backcountry Skiing,behavioral,ski mountaineering racing
Backcountry Skiing,behavioral,sidecountry skiing
Backcountry Skiing,behavioral,slackcountry
Backcountry Skiing,behavioral,ski touring gear guide
Backcountry Skiing,youtube,Cody Townsend
Backcountry Skiing,youtube,Andrew McLean
Backcountry Skiing,youtube,Backcountry Skiing Canada
Backcountry Skiing,youtube,Wild Snow
Backcountry Skiing,youtube,FREESKIER Magazine
Backcountry Skiing,youtube,Outside TV
Backcountry Skiing,youtube,Teton Gravity Research
Backcountry Skiing,youtube,Salomon TV
Backcountry Skiing,youtube,Arc'teryx
Backcountry Skiing,youtube,Black Diamond Equipment
Backcountry Skiing,youtube,SCARPA
Backcountry Skiing,youtube,Dynafit
Backcountry Skiing,youtube,Outdoor Research
Backcountry Skiing,youtube,Bruce Tremper
Backcountry Skiing,reddit,Backcountry
Backcountry Skiing,reddit,Skimo
Backcountry Skiing,reddit,Avalanches
Backcountry Skiing,reddit,skiing
Backcountry Skiing,website,wildsnow.com
Backcountry Skiing,website,earnyourturns.com
Backcountry Skiing,website,backcountrymagazine.com
Backcountry Skiing,website,tetongravity.com
Backcountry Skiing,wikipedia,Ski_touring