date,quarter,sport,total_comments,active_videos,engagement_intensity,avg_video_age_days,log_engagement_intensity
2015-01-01,2015-Q1,Alpine Skiing,3,6,0.69,105.5,0.5247285289349821
2015-04-01,2015-Q2,Alpine Skiing,2,2,0.46,146.0,0.3784364357202451
2015-07-01,2015-Q3,Alpine Skiing,0,0,0.0,0.0,0.0
2015-10-01,2015-Q4,Alpine Skiing,14,12,3.24,37.2,1.4445632692438664
2016-01-01,2016-Q1,Alpine Skiing,43,14,3.32,113.3,1.463255402256019
2016-04-01,2016-Q2,Alpine Skiing,5,2,0.58,114.5,0.4574248470388754
2016-07-01,2016-Q3,Alpine Skiing,0,0,0.0,0.0,0.0
2016-10-01,2016-Q4,Alpine Skiing,47,3,3.62,17.7,1.5303947050936475
2017-01-01,2017-Q1,Alpine Skiing,21,3,1.62,107.7,0.9631743177730056
2017-04-01,2017-Q2,Alpine Skiing,0,0,0.0,0.0,0.0
2017-07-01,2017-Q3,Alpine Skiing,12,1,2.78,35.0,1.3297240096314962
2017-10-01,2017-Q4,Alpine Skiing,23,1,5.32,127.0,1.843719208158766
2018-01-01,2018-Q1,Alpine Skiing,164,3,12.64,48.7,2.613006652415316
2018-04-01,2018-Q2,Alpine Skiing,4,3,0.31,139.7,0.27002713721306015
2018-07-01,2018-Q3,Alpine Skiing,0,0,0.0,0.0,0.0
2018-10-01,2018-Q4,Alpine Skiing,166,2,19.2,13.0,3.005682604407159
2019-01-01,2019-Q1,Alpine Skiing,356,4,20.59,82.2,3.072230244526716
2019-04-01,2019-Q2,Alpine Skiing,4,2,0.46,152.5,0.3784364357202451
2019-07-01,2019-Q3,Alpine Skiing,0,0,0.0,0.0,0.0
2019-10-01,2019-Q4,Alpine Skiing,28,1,6.48,2.0,2.012232791986386
2020-01-01,2020-Q1,Alpine Skiing,352,4,20.35,62.8,3.0610517396746335
2020-04-01,2020-Q2,Alpine Skiing,4,3,0.31,143.7,0.27002713721306015
2020-07-01,2020-Q3,Alpine Skiing,0,0,0.0,0.0,0.0
2020-10-01,2020-Q4,Alpine Skiing,216,2,24.98,53.0,3.2573270112424533
2021-01-01,2021-Q1,Alpine Skiing,325,6,12.53,86.8,2.604909442182697
2021-04-01,2021-Q2,Alpine Skiing,23,5,1.06,132.6,0.7227059828014898
2021-07-01,2021-Q3,Alpine Skiing,0,1,0.0,156.0,0.0
2021-10-01,2021-Q4,Alpine Skiing,110,4,6.36,12.5,1.9960599327407849
2022-01-01,2022-Q1,Alpine Skiing,336,12,6.48,65.9,2.012232791986386
2022-04-01,2022-Q2,Alpine Skiing,7,8,0.2,138.6,0.18232155679395465
2022-07-01,2022-Q3,Alpine Skiing,15,4,0.87,33.8,0.6259384308664953
2022-10-01,2022-Q4,Alpine Skiing,44,16,0.85,61.4,0.6151856390902335
2023-01-01,2023-Q1,Alpine Skiing,140,26,1.54,87.9,0.9321640810304452
2023-04-01,2023-Q2,Alpine Skiing,2,14,0.04,142.8,0.039220713153281295
2023-07-01,2023-Q3,Alpine Skiing,3,1,0.69,5.0,0.5247285289349821
2023-10-01,2023-Q4,Alpine Skiing,95,10,2.2,32.2,1.1631508098056809
2024-01-01,2024-Q1,Alpine Skiing,121,20,1.55,81.2,0.9360933591703348
2024-04-01,2024-Q2,Alpine Skiing,7,11,0.18,143.6,0.16551443847757338
2024-07-01,2024-Q3,Alpine Skiing,3,1,0.69,1.0,0.5247285289349821
2024-10-01,2024-Q4,Alpine Skiing,54,3,4.16,60.3,1.6409365794934714
2015-01-01,2015-Q1,BASE Jumping,0,13,0.0,114.7,0.0
2015-04-01,2015-Q2,BASE Jumping,0,4,0.0,119.2,0.0
2015-07-01,2015-Q3,BASE Jumping,0,2,0.0,135.0,0.0
2015-10-01,2015-Q4,BASE Jumping,0,6,0.0,75.5,0.0
2016-01-01,2016-Q1,BASE Jumping,0,10,0.0,105.2,0.0
2016-04-01,2016-Q2,BASE Jumping,0,7,0.0,128.6,0.0
2016-07-01,2016-Q3,BASE Jumping,0,4,0.0,99.8,0.0
2016-10-01,2016-Q4,BASE Jumping,0,11,0.0,72.5,0.0
2017-01-01,2017-Q1,BASE Jumping,4,18,0.02,96.1,0.019802627296179712
2017-04-01,2017-Q2,BASE Jumping,2,12,0.01,112.8,0.009950330853168083
2017-07-01,2017-Q3,BASE Jumping,0,5,0.0,93.4,0.0
2017-10-01,2017-Q4,BASE Jumping,0,2,0.0,121.5,0.0
2018-01-01,2018-Q1,BASE Jumping,2,1,0.02,67.0,0.019802627296179712
2018-04-01,2018-Q2,BASE Jumping,100,5,0.24,77.8,0.2151113796169455
2018-07-01,2018-Q3,BASE Jumping,0,7,0.0,115.1,0.0
2018-10-01,2018-Q4,BASE Jumping,8,6,0.05,111.2,0.04879016416943201
2019-01-01,2019-Q1,BASE Jumping,2,3,0.01,151.3,0.009950330853168083
2019-04-01,2019-Q2,BASE Jumping,0,0,0.0,0.0,0.0
2019-07-01,2019-Q3,BASE Jumping,0,1,0.0,84.0,0.0
2019-10-01,2019-Q4,BASE Jumping,6,4,0.02,75.0,0.019802627296179712
2020-01-01,2020-Q1,BASE Jumping,1,4,0.0,100.8,0.0
2020-04-01,2020-Q2,BASE Jumping,1,1,0.01,97.0,0.009950330853168083
2020-07-01,2020-Q3,BASE Jumping,0,0,0.0,0.0,0.0
2020-10-01,2020-Q4,BASE Jumping,0,0,0.0,0.0,0.0
2021-01-01,2021-Q1,BASE Jumping,0,0,0.0,0.0,0.0
2021-04-01,2021-Q2,BASE Jumping,0,0,0.0,0.0,0.0
2021-07-01,2021-Q3,BASE Jumping,0,0,0.0,0.0,0.0
2021-10-01,2021-Q4,BASE Jumping,0,0,0.0,0.0,0.0
2022-01-01,2022-Q1,BASE Jumping,0,0,0.0,0.0,0.0
2022-04-01,2022-Q2,BASE Jumping,0,0,0.0,0.0,0.0
2022-07-01,2022-Q3,BASE Jumping,0,0,0.0,0.0,0.0
2022-10-01,2022-Q4,BASE Jumping,1,1,0.01,23.0,0.009950330853168083
2023-01-01,2023-Q1,BASE Jumping,0,1,0.0,113.0,0.0
2023-04-01,2023-Q2,BASE Jumping,0,0,0.0,0.0,0.0
2023-07-01,2023-Q3,BASE Jumping,0,0,0.0,0.0,0.0
2023-10-01,2023-Q4,BASE Jumping,0,6,0.0,13.2,0.0
2024-01-01,2024-Q1,BASE Jumping,0,7,0.0,98.9,0.0
2024-04-01,2024-Q2,BASE Jumping,0,1,0.0,158.0,0.0
2024-07-01,2024-Q3,BASE Jumping,7,7,0.01,85.4,0.009950330853168083
2024-10-01,2024-Q4,BASE Jumping,2,8,0.0,155.4,0.0
2015-01-01,2015-Q1,Backcountry Skiing,3,8,0.38,60.2,0.32208349916911333
2015-04-01,2015-Q2,Backcountry Skiing,7,9,0.78,127.0,0.5766133643039938
2015-07-01,2015-Q3,Backcountry Skiing,0,2,0.0,170.5,0.0
2015-10-01,2015-Q4,Backcountry Skiing,0,1,0.0,7.0,0.0
2016-01-01,2016-Q1,Backcountry Skiing,3,4,0.75,66.0,0.5596157879354227
2016-04-01,2016-Q2,Backcountry Skiing,4,4,1.0,114.5,0.6931471805599453
2016-07-01,2016-Q3,Backcountry Skiing,2,3,0.67,85.0,0.5128236264286637
2016-10-01,2016-Q4,Backcountry Skiing,3,5,0.6,86.8,0.4700036292457355
2017-01-01,2017-Q1,Backcountry Skiing,13,6,2.17,98.5,1.1537315878891892
2017-04-01,2017-Q2,Backcountry Skiing,9,6,1.5,106.2,0.9162907318741551
2017-07-01,2017-Q3,Backcountry Skiing,3,3,1.0,141.7,0.6931471805599453
2017-10-01,2017-Q4,Backcountry Skiing,3,1,3.0,14.0,1.3862943611198906
2018-01-01,2018-Q1,Backcountry Skiing,3,5,0.6,83.2,0.4700036292457355
2018-04-01,2018-Q2,Backcountry Skiing,0,4,0.0,169.0,0.0
2018-07-01,2018-Q3,Backcountry Skiing,0,2,0.0,33.0,0.0
2018-10-01,2018-Q4,Backcountry Skiing,4,3,1.33,91.3,0.8458682675776092
2019-01-01,2019-Q1,Backcountry Skiing,4,3,1.33,79.3,0.8458682675776092
2019-04-01,2019-Q2,Backcountry Skiing,0,2,0.0,153.0,0.0
2019-07-01,2019-Q3,Backcountry Skiing,0,0,0.0,0.0,0.0
2019-10-01,2019-Q4,Backcountry Skiing,0,1,0.0,23.0,0.0
2020-01-01,2020-Q1,Backcountry Skiing,4,2,2.0,92.5,1.0986122886681098
2020-04-01,2020-Q2,Backcountry Skiing,5,2,2.5,98.5,1.252762968495368
2020-07-01,2020-Q3,Backcountry Skiing,5,1,5.0,127.0,1.791759469228055
2020-10-01,2020-Q4,Backcountry Skiing,7,2,3.5,54.0,1.5040773967762742
2021-01-01,2021-Q1,Backcountry Skiing,5,2,2.5,144.0,1.252762968495368
2021-04-01,2021-Q2,Backcountry Skiing,5,1,5.0,28.0,1.791759469228055
2021-07-01,2021-Q3,Backcountry Skiing,15,1,15.0,120.0,2.772588722239781
2021-10-01,2021-Q4,Backcountry Skiing,3,1,3.0,36.0,1.3862943611198906
2022-01-01,2022-Q1,Backcountry Skiing,5,1,5.0,126.0,1.791759469228055
2022-04-01,2022-Q2,Backcountry Skiing,6,1,6.0,31.0,1.9459101490553132
2022-07-01,2022-Q3,Backcountry Skiing,4,1,4.0,123.0,1.6094379124341003
2022-10-01,2022-Q4,Backcountry Skiing,0,0,0.0,0.0,0.0
2023-01-01,2023-Q1,Backcountry Skiing,0,0,0.0,0.0,0.0
2023-04-01,2023-Q2,Backcountry Skiing,0,0,0.0,0.0,0.0
2023-07-01,2023-Q3,Backcountry Skiing,0,0,0.0,0.0,0.0
2023-10-01,2023-Q4,Backcountry Skiing,3,1,3.0,26.0,1.3862943611198906
2024-01-01,2024-Q1,Backcountry Skiing,5,1,5.0,117.0,1.791759469228055
2024-04-01,2024-Q2,Backcountry Skiing,0,0,0.0,0.0,0.0
2024-07-01,2024-Q3,Backcountry Skiing,0,0,0.0,0.0,0.0
2024-10-01,2024-Q4,Backcountry Skiing,0,0,0.0,0.0,0.0
2015-01-01,2015-Q1,Camping,0,1,0.0,47.0,0.0
2015-04-01,2015-Q2,Camping,0,3,0.0,62.3,0.0
2015-07-01,2015-Q3,Camping,0,3,0.0,100.3,0.0
2015-10-01,2015-Q4,Camping,0,2,0.0,85.5,0.0
2016-01-01,2016-Q1,Camping,0,2,0.0,62.0,0.0
2016-04-01,2016-Q2,Camping,0,2,0.0,89.5,0.0
2016-07-01,2016-Q3,Camping,0,1,0.0,158.0,0.0
2016-10-01,2016-Q4,Camping,0,5,0.0,42.0,0.0
2017-01-01,2017-Q1,Camping,57,10,19.13,85.2,3.0022112396517002
2017-04-01,2017-Q2,Camping,65,8,21.82,88.8,3.1276373444339294
2017-07-01,2017-Q3,Camping,0,4,0.0,86.0,0.0
2017-10-01,2017-Q4,Camping,11,9,7.38,42.8,2.1258479144939915
2018-01-01,2018-Q1,Camping,171,11,114.78,105.9,4.751691838650858
2018-04-01,2018-Q2,Camping,0,9,0.0,65.8,0.0
2018-07-01,2018-Q3,Camping,37,9,24.84,88.1,3.2519236789144013
2018-10-01,2018-Q4,Camping,21,8,14.1,62.6,2.714694743820879
2019-01-01,2019-Q1,Camping,675,10,453.09,73.2,6.118295416280278
2019-04-01,2019-Q2,Camping,1323,9,444.03,95.4,6.098141695624239
2019-07-01,2019-Q3,Camping,3558,8,796.1,102.1,6.680980141433878
2019-10-01,2019-Q4,Camping,4379,13,489.9,76.9,6.196240441064007
2020-01-01,2020-Q1,Camping,7183,13,688.8,116.8,6.536401700502741
2020-04-01,2020-Q2,Camping,4124,7,461.37,110.9,6.136365436360708
2020-07-01,2020-Q3,Camping,7572,6,1016.54,98.3,6.925143228583364
2020-10-01,2020-Q4,Camping,15701,15,1171.03,57.9,7.066492567078978
2021-01-01,2021-Q1,Camping,24036,20,1241.09,93.6,7.124550723636168
2021-04-01,2021-Q2,Camping,15809,14,964.71,104.0,6.872863582102027
2021-07-01,2021-Q3,Camping,18809,13,1147.78,99.4,7.046455788671661
2021-10-01,2021-Q4,Camping,26736,17,1495.54,79.8,7.310911055969953
2022-01-01,2022-Q1,Camping,5981,12,501.84,112.5,6.22027202804663
2022-04-01,2022-Q2,Camping,16999,9,1426.32,65.7,7.263553839008648
2022-07-01,2022-Q3,Camping,143113,10,10673.84,103.9,9.275644849694102
2022-10-01,2022-Q4,Camping,17328,8,1661.63,71.5,7.416155964961623
2023-01-01,2023-Q1,Camping,28707,11,1926.96,80.4,7.564217728067304
2023-04-01,2023-Q2,Camping,28270,14,1459.71,78.6,7.286677897866055
2023-07-01,2023-Q3,Camping,20873,12,1273.73,93.0,7.150489670461333
2023-10-01,2023-Q4,Camping,13584,6,1519.71,82.5,7.326932610043777
2024-01-01,2024-Q1,Camping,35353,5,4746.14,75.2,8.465297610427362
2024-04-01,2024-Q2,Camping,11857,5,1591.8,91.4,7.373248752749986
2024-07-01,2024-Q3,Camping,8960,4,1503.6,80.8,7.316282361126121
2024-10-01,2024-Q4,Camping,436,2,146.33,127.0,4.992674968719263
2015-01-01,2015-Q1,Hang Gliding,0,0,0.0,0.0,0.0
2015-04-01,2015-Q2,Hang Gliding,1,1,1.0,10.0,0.6931471805599453
2015-07-01,2015-Q3,Hang Gliding,1,1,1.0,102.0,0.6931471805599453
2015-10-01,2015-Q4,Hang Gliding,0,0,0.0,0.0,0.0
2016-01-01,2016-Q1,Hang Gliding,0,0,0.0,0.0,0.0
2016-04-01,2016-Q2,Hang Gliding,0,0,0.0,0.0,0.0
2016-07-01,2016-Q3,Hang Gliding,0,0,0.0,0.0,0.0
2016-10-01,2016-Q4,Hang Gliding,0,1,0.0,19.0,0.0
2017-01-01,2017-Q1,Hang Gliding,1,1,1.0,109.0,0.6931471805599453
2017-04-01,2017-Q2,Hang Gliding,0,0,0.0,0.0,0.0
2017-07-01,2017-Q3,Hang Gliding,1,1,1.0,68.0,0.6931471805599453
2017-10-01,2017-Q4,Hang Gliding,0,1,0.0,160.0,0.0
2018-01-01,2018-Q1,Hang Gliding,0,0,0.0,0.0,0.0
2018-04-01,2018-Q2,Hang Gliding,0,0,0.0,0.0,0.0
2018-07-01,2018-Q3,Hang Gliding,0,0,0.0,0.0,0.0
2018-10-01,2018-Q4,Hang Gliding,0,0,0.0,0.0,0.0
2019-01-01,2019-Q1,Hang Gliding,0,0,0.0,0.0,0.0
2019-04-01,2019-Q2,Hang Gliding,0,0,0.0,0.0,0.0
2019-07-01,2019-Q3,Hang Gliding,0,0,0.0,0.0,0.0
2019-10-01,2019-Q4,Hang Gliding,0,0,0.0,0.0,0.0
2020-01-01,2020-Q1,Hang Gliding,0,0,0.0,0.0,0.0
2020-04-01,2020-Q2,Hang Gliding,0,0,0.0,0.0,0.0
2020-07-01,2020-Q3,Hang Gliding,0,0,0.0,0.0,0.0
2020-10-01,2020-Q4,Hang Gliding,0,0,0.0,0.0,0.0
2021-01-01,2021-Q1,Hang Gliding,0,0,0.0,0.0,0.0
2021-04-01,2021-Q2,Hang Gliding,0,0,0.0,0.0,0.0
2021-07-01,2021-Q3,Hang Gliding,0,0,0.0,0.0,0.0
2021-10-01,2021-Q4,Hang Gliding,0,0,0.0,0.0,0.0
2022-01-01,2022-Q1,Hang Gliding,0,0,0.0,0.0,0.0
2022-04-01,2022-Q2,Hang Gliding,1,1,1.0,17.0,0.6931471805599453
2022-07-01,2022-Q3,Hang Gliding,1,1,1.0,109.0,0.6931471805599453
2022-10-01,2022-Q4,Hang Gliding,0,0,0.0,0.0,0.0
2023-01-01,2023-Q1,Hang Gliding,0,0,0.0,0.0,0.0
2023-04-01,2023-Q2,Hang Gliding,0,0,0.0,0.0,0.0
2023-07-01,2023-Q3,Hang Gliding,0,0,0.0,0.0,0.0
2023-10-01,2023-Q4,Hang Gliding,0,0,0.0,0.0,0.0
2024-01-01,2024-Q1,Hang Gliding,0,0,0.0,0.0,0.0
2024-04-01,2024-Q2,Hang Gliding,0,0,0.0,0.0,0.0
2024-07-01,2024-Q3,Hang Gliding,0,0,0.0,0.0,0.0
2024-10-01,2024-Q4,Hang Gliding,0,0,0.0,0.0,0.0
2015-01-01,2015-Q1,Hiking,0,0,0.0,0.0,0.0
2015-04-01,2015-Q2,Hiking,0,0,0.0,0.0,0.0
2015-07-01,2015-Q3,Hiking,0,0,0.0,0.0,0.0
2015-10-01,2015-Q4,Hiking,6,1,5.81,43.0,1.918392120161421
2016-01-01,2016-Q1,Hiking,10,1,9.68,134.0,2.3683728335320486
2016-04-01,2016-Q2,Hiking,0,0,0.0,0.0,0.0
2016-07-01,2016-Q3,Hiking,0,0,0.0,0.0,0.0
2016-10-01,2016-Q4,Hiking,0,0,0.0,0.0,0.0
2017-01-01,2017-Q1,Hiking,0,0,0.0,0.0,0.0
2017-04-01,2017-Q2,Hiking,12,1,11.62,36.0,2.5352828571130672
2017-07-01,2017-Q3,Hiking,31,3,10.0,75.3,2.3978952727983707
2017-10-01,2017-Q4,Hiking,20,4,6.45,88.8,2.0082140323914683
2018-01-01,2018-Q1,Hiking,16,4,15.49,101.5,2.8027541365715076
2018-04-01,2018-Q2,Hiking,0,6,0.0,92.5,0.0
2018-07-01,2018-Q3,Hiking,11,6,10.65,104.8,2.4553061800117097
2018-10-01,2018-Q4,Hiking,48,6,23.24,79.2,3.1880041612011136
2019-01-01,2019-Q1,Hiking,2,19,1.94,50.8,1.0784095813505903
2019-04-01,2019-Q2,Hiking,0,27,0.0,79.8,0.0
2019-07-01,2019-Q3,Hiking,12,17,11.62,107.1,2.5352828571130672
2019-10-01,2019-Q4,Hiking,44,11,14.2,93.8,2.7212954278522306
2020-01-01,2020-Q1,Hiking,25,11,8.07,93.6,2.2049722641270453
2020-04-01,2020-Q2,Hiking,44,11,7.1,86.1,2.0918640616783932
2020-07-01,2020-Q3,Hiking,38,7,6.13,124.1,1.9643112344262046
2020-10-01,2020-Q4,Hiking,29,4,9.36,69.0,2.337952236831337
2021-01-01,2021-Q1,Hiking,47,7,11.38,89.9,2.5160822672564502
2021-04-01,2021-Q2,Hiking,74,20,11.94,68.2,2.5603232890727545
2021-07-01,2021-Q3,Hiking,129,27,12.49,105.1,2.6019486702196644
2021-10-01,2021-Q4,Hiking,59,18,6.35,112.2,1.9947003132247452
2022-01-01,2022-Q1,Hiking,69,12,13.36,106.8,2.664446563620078
2022-04-01,2022-Q2,Hiking,87,8,16.85,110.4,2.8820035082256483
2022-07-01,2022-Q3,Hiking,106,8,12.83,92.8,2.626840145676667
2022-10-01,2022-Q4,Hiking,102,7,14.11,109.1,2.715356776284648
2023-01-01,2023-Q1,Hiking,528,9,85.2,69.2,4.456670177669648
2023-04-01,2023-Q2,Hiking,460,16,40.49,80.6,3.725452434344777
2023-07-01,2023-Q3,Hiking,648,17,52.28,89.1,3.9755610262321337
2023-10-01,2023-Q4,Hiking,1407,11,170.27,122.1,5.143241258644277
2024-01-01,2024-Q1,Hiking,365,13,32.12,76.2,3.500137329517059
2024-04-01,2024-Q2,Hiking,586,15,43.64,110.9,3.7986303180730556
2024-07-01,2024-Q3,Hiking,1461,13,108.8,76.2,4.69866052907543
2024-10-01,2024-Q4,Hiking,518,13,41.79,100.5,3.7563044304287256
2015-01-01,2015-Q1,Ice Climbing,0,0,0.0,0.0,0.0
2015-04-01,2015-Q2,Ice Climbing,2,1,1.15,70.0,0.7654678421395714
2015-07-01,2015-Q3,Ice Climbing,0,1,0.0,162.0,0.0
2015-10-01,2015-Q4,Ice Climbing,0,0,0.0,0.0,0.0
2016-01-01,2016-Q1,Ice Climbing,0,0,0.0,0.0,0.0
2016-04-01,2016-Q2,Ice Climbing,2,2,0.57,27.0,0.4510756193602167
2016-07-01,2016-Q3,Ice Climbing,0,3,0.0,98.0,0.0
2016-10-01,2016-Q4,Ice Climbing,0,1,0.0,148.0,0.0
2017-01-01,2017-Q1,Ice Climbing,0,0,0.0,0.0,0.0
2017-04-01,2017-Q2,Ice Climbing,0,0,0.0,0.0,0.0
2017-07-01,2017-Q3,Ice Climbing,0,0,0.0,0.0,0.0
2017-10-01,2017-Q4,Ice Climbing,0,0,0.0,0.0,0.0
2018-01-01,2018-Q1,Ice Climbing,0,0,0.0,0.0,0.0
2018-04-01,2018-Q2,Ice Climbing,0,0,0.0,0.0,0.0
2018-07-01,2018-Q3,Ice Climbing,0,1,0.0,9.0,0.0
2018-10-01,2018-Q4,Ice Climbing,0,1,0.0,101.0,0.0
2019-01-01,2019-Q1,Ice Climbing,1,2,0.21,31.5,0.1906203596086497
2019-04-01,2019-Q2,Ice Climbing,0,2,0.0,122.5,0.0
2019-07-01,2019-Q3,Ice Climbing,0,0,0.0,0.0,0.0
2019-10-01,2019-Q4,Ice Climbing,0,0,0.0,0.0,0.0
2020-01-01,2020-Q1,Ice Climbing,0,0,0.0,0.0,0.0
2020-04-01,2020-Q2,Ice Climbing,0,0,0.0,0.0,0.0
2020-07-01,2020-Q3,Ice Climbing,5,7,0.81,40.9,0.5933268452777344
2020-10-01,2020-Q4,Ice Climbing,8,11,0.7,109.4,0.5306282510621704
2021-01-01,2021-Q1,Ice Climbing,14,5,1.19,139.6,0.7839015438284094
2021-04-01,2021-Q2,Ice Climbing,2,6,0.14,28.8,0.1310282624064041
2021-07-01,2021-Q3,Ice Climbing,4,9,0.19,77.9,0.173953307123438
2021-10-01,2021-Q4,Ice Climbing,5,6,0.35,118.3,0.30010459245033805
2022-01-01,2022-Q1,Ice Climbing,18,6,4.99,93.8,1.7900914121273581
2022-04-01,2022-Q2,Ice Climbing,5,5,0.96,138.6,0.6729444732424258
2022-07-01,2022-Q3,Ice Climbing,10,8,1.12,60.6,0.7514160886839212
2022-10-01,2022-Q4,Ice Climbing,142,24,7.33,66.8,2.1198634561787513
2023-01-01,2023-Q1,Ice Climbing,73,20,3.26,116.2,1.449269160281279
2023-04-01,2023-Q2,Ice Climbing,3,3,1.0,145.3,0.6931471805599453
2023-07-01,2023-Q3,Ice Climbing,15,2,4.31,9.0,1.6695918352538475
2023-10-01,2023-Q4,Ice Climbing,87,8,9.54,59.4,2.355177543113216
2024-01-01,2024-Q1,Ice Climbing,66,9,4.74,109.3,1.747459210331475
2024-04-01,2024-Q2,Ice Climbing,2,5,0.57,98.4,0.4510756193602167
2024-07-01,2024-Q3,Ice Climbing,8,3,1.7,87.7,0.9932517730102833
2024-10-01,2024-Q4,Ice Climbing,136,6,70.26,33.2,4.26633516017769
2015-01-01,2015-Q1,Kayaking,0,0,0.0,0.0,0.0
2015-04-01,2015-Q2,Kayaking,0,0,0.0,0.0,0.0
2015-07-01,2015-Q3,Kayaking,0,0,0.0,0.0,0.0
2015-10-01,2015-Q4,Kayaking,0,0,0.0,0.0,0.0
2016-01-01,2016-Q1,Kayaking,0,0,0.0,0.0,0.0
2016-04-01,2016-Q2,Kayaking,0,5,0.0,27.0,0.0
2016-07-01,2016-Q3,Kayaking,0,8,0.0,102.4,0.0
2016-10-01,2016-Q4,Kayaking,0,3,0.0,166.7,0.0
2017-01-01,2017-Q1,Kayaking,30,1,19.79,49.0,3.0344721018699214
2017-04-01,2017-Q2,Kayaking,34,2,22.43,77.0,3.1540172525197043
2017-07-01,2017-Q3,Kayaking,4,4,1.32,54.0,0.8415671856782186
2017-10-01,2017-Q4,Kayaking,11,12,1.45,72.4,0.8960880245566356
2018-01-01,2018-Q1,Kayaking,471,17,28.25,98.8,3.3758795736778655
2018-04-01,2018-Q2,Kayaking,295,13,14.97,105.2,2.770711962226921
2018-07-01,2018-Q3,Kayaking,307,12,18.42,79.7,2.966303462863179
2018-10-01,2018-Q4,Kayaking,196,13,11.76,102.0,2.546315277916644
2019-01-01,2019-Q1,Kayaking,132,9,10.89,126.8,2.4756977107026903
2019-04-01,2019-Q2,Kayaking,772,13,39.18,54.7,3.6933693593867885
2019-07-01,2019-Q3,Kayaking,1126,16,46.44,94.1,3.85946575468947
2019-10-01,2019-Q4,Kayaking,205,11,12.3,97.5,2.5877640352277083
2020-01-01,2020-Q1,Kayaking,249,10,16.43,91.9,2.8581928595319295
2020-04-01,2020-Q2,Kayaking,316,9,23.17,105.4,3.1851121947153915
2020-07-01,2020-Q3,Kayaking,539,11,44.46,77.8,3.8168328184243974
2020-10-01,2020-Q4,Kayaking,189,11,20.78,102.9,3.0809921175048145
2021-01-01,2021-Q1,Kayaking,111,4,36.62,149.8,3.627535823872884
2021-04-01,2021-Q2,Kayaking,561,10,52.88,48.3,3.986759351542163
2021-07-01,2021-Q3,Kayaking,137,18,12.91,103.9,2.6326080059353516
2021-10-01,2021-Q4,Kayaking,29,10,19.14,131.6,3.0027078872904163
2022-01-01,2022-Q1,Kayaking,5,6,3.3,70.7,1.4586150226995167
2022-04-01,2022-Q2,Kayaking,213,22,17.57,57.7,2.9215473753646144
2022-07-01,2022-Q3,Kayaking,565,30,28.68,102.6,3.39047341829918
2022-10-01,2022-Q4,Kayaking,228,20,15.04,105.4,2.7750856024383683
2023-01-01,2023-Q1,Kayaking,46,8,6.07,134.6,1.9558604799084813
2023-04-01,2023-Q2,Kayaking,66,11,14.52,31.5,2.7421295147550726
2023-07-01,2023-Q3,Kayaking,43,13,9.46,114.3,2.347558458636777
2023-10-01,2023-Q4,Kayaking,309,3,203.89,128.0,5.322473249759108
2024-01-01,2024-Q1,Kayaking,14,1,9.24,163.0,2.3263016196113617
2024-04-01,2024-Q2,Kayaking,0,4,0.0,29.0,0.0
2024-07-01,2024-Q3,Kayaking,32,6,21.11,103.7,3.096029994869355
2024-10-01,2024-Q4,Kayaking,5,2,3.3,161.0,1.4586150226995167
2015-01-01,2015-Q1,Kitesurfing,0,0,0.0,0.0,0.0
2015-04-01,2015-Q2,Kitesurfing,0,1,0.0,88.0,0.0
2015-07-01,2015-Q3,Kitesurfing,1,1,0.8,180.0,0.5877866649021191
2015-10-01,2015-Q4,Kitesurfing,3,2,1.2,33.0,0.7884573603642702
2016-01-01,2016-Q1,Kitesurfing,0,2,0.0,124.0,0.0
2016-04-01,2016-Q2,Kitesurfing,0,1,0.0,7.0,0.0
2016-07-01,2016-Q3,Kitesurfing,2,3,0.53,83.0,0.4252677354043441
2016-10-01,2016-Q4,Kitesurfing,1,4,0.2,127.5,0.18232155679395465
2017-01-01,2017-Q1,Kitesurfing,2,3,0.53,134.0,0.4252677354043441
2017-04-01,2017-Q2,Kitesurfing,4,2,1.6,101.0,0.9555114450274363
2017-07-01,2017-Q3,Kitesurfing,0,1,0.0,157.0,0.0
2017-10-01,2017-Q4,Kitesurfing,0,1,0.0,88.0,0.0
2018-01-01,2018-Q1,Kitesurfing,0,1,0.0,178.0,0.0
2018-04-01,2018-Q2,Kitesurfing,1,1,0.8,28.0,0.5877866649021191
2018-07-01,2018-Q3,Kitesurfing,2,1,1.6,120.0,0.9555114450274363
2018-10-01,2018-Q4,Kitesurfing,0,0,0.0,0.0,0.0
2019-01-01,2019-Q1,Kitesurfing,3,1,2.39,70.0,1.220829921392359
2019-04-01,2019-Q2,Kitesurfing,3,1,2.39,161.0,1.220829921392359
2019-07-01,2019-Q3,Kitesurfing,0,5,0.0,53.0,0.0
2019-10-01,2019-Q4,Kitesurfing,0,10,0.0,103.0,0.0
2020-01-01,2020-Q1,Kitesurfing,0,7,0.0,115.1,0.0
2020-04-01,2020-Q2,Kitesurfing,0,3,0.0,94.0,0.0
2020-07-01,2020-Q3,Kitesurfing,8,7,6.38,52.3,1.998773638612381
2020-10-01,2020-Q4,Kitesurfing,24,9,9.57,99.6,2.3580197998821464
2021-01-01,2021-Q1,Kitesurfing,22,8,5.85,61.1,1.9242486522741338
2021-04-01,2021-Q2,Kitesurfing,23,6,6.12,102.0,1.9629077254238845
2021-07-01,2021-Q3,Kitesurfing,2,9,1.6,43.6,0.9555114450274363
2021-10-01,2021-Q4,Kitesurfing,0,11,0.0,98.5,0.0
2022-01-01,2022-Q1,Kitesurfing,0,6,0.0,84.0,0.0
2022-04-01,2022-Q2,Kitesurfing,0,5,0.0,108.0,0.0
2022-07-01,2022-Q3,Kitesurfing,0,14,0.0,52.9,0.0
2022-10-01,2022-Q4,Kitesurfing,0,17,0.0,103.7,0.0
2023-01-01,2023-Q1,Kitesurfing,0,6,0.0,122.8,0.0
2023-04-01,2023-Q2,Kitesurfing,0,2,0.0,93.5,0.0
2023-07-01,2023-Q3,Kitesurfing,0,10,0.0,56.7,0.0
2023-10-01,2023-Q4,Kitesurfing,0,17,0.0,88.6,0.0
2024-01-01,2024-Q1,Kitesurfing,0,15,0.0,82.4,0.0
2024-04-01,2024-Q2,Kitesurfing,0,7,0.0,126.9,0.0
2024-07-01,2024-Q3,Kitesurfing,0,2,0.0,56.0,0.0
2024-10-01,2024-Q4,Kitesurfing,0,3,0.0,105.0,0.0
2015-01-01,2015-Q1,Mountain Biking,0,0,0.0,0.0,0.0
2015-04-01,2015-Q2,Mountain Biking,0,0,0.0,0.0,0.0
2015-07-01,2015-Q3,Mountain Biking,0,0,0.0,0.0,0.0
2015-10-01,2015-Q4,Mountain Biking,0,1,0.0,81.0,0.0
2016-01-01,2016-Q1,Mountain Biking,0,2,0.0,115.5,0.0
2016-04-01,2016-Q2,Mountain Biking,0,4,0.0,54.8,0.0
2016-07-01,2016-Q3,Mountain Biking,0,6,0.0,63.8,0.0
2016-10-01,2016-Q4,Mountain Biking,0,11,0.0,50.3,0.0
2017-01-01,2017-Q1,Mountain Biking,0,14,0.0,91.7,0.0
2017-04-01,2017-Q2,Mountain Biking,0,12,0.0,92.8,0.0
2017-07-01,2017-Q3,Mountain Biking,0,12,0.0,86.2,0.0
2017-10-01,2017-Q4,Mountain Biking,0,12,0.0,83.1,0.0
2018-01-01,2018-Q1,Mountain Biking,0,12,0.0,82.5,0.0
2018-04-01,2018-Q2,Mountain Biking,0,14,0.0,78.4,0.0
2018-07-01,2018-Q3,Mountain Biking,0,12,0.0,96.2,0.0
2018-10-01,2018-Q4,Mountain Biking,0,7,0.0,86.4,0.0
2019-01-01,2019-Q1,Mountain Biking,0,10,0.0,76.2,0.0
2019-04-01,2019-Q2,Mountain Biking,0,14,0.0,90.6,0.0
2019-07-01,2019-Q3,Mountain Biking,0,9,0.0,107.9,0.0
2019-10-01,2019-Q4,Mountain Biking,0,5,0.0,68.4,0.0
2020-01-01,2020-Q1,Mountain Biking,0,7,0.0,82.0,0.0
2020-04-01,2020-Q2,Mountain Biking,0,6,0.0,111.3,0.0
2020-07-01,2020-Q3,Mountain Biking,0,6,0.0,81.7,0.0
2020-10-01,2020-Q4,Mountain Biking,0,5,0.0,116.2,0.0
2021-01-01,2021-Q1,Mountain Biking,0,1,0.0,96.0,0.0
2021-04-01,2021-Q2,Mountain Biking,0,0,0.0,0.0,0.0
2021-07-01,2021-Q3,Mountain Biking,0,2,0.0,64.0,0.0
2021-10-01,2021-Q4,Mountain Biking,0,2,0.0,156.0,0.0
2022-01-01,2022-Q1,Mountain Biking,0,1,0.0,50.0,0.0
2022-04-01,2022-Q2,Mountain Biking,0,1,0.0,141.0,0.0
2022-07-01,2022-Q3,Mountain Biking,0,1,0.0,72.0,0.0
2022-10-01,2022-Q4,Mountain Biking,0,1,0.0,164.0,0.0
2023-01-01,2023-Q1,Mountain Biking,0,0,0.0,0.0,0.0
2023-04-01,2023-Q2,Mountain Biking,0,0,0.0,0.0,0.0
2023-07-01,2023-Q3,Mountain Biking,0,0,0.0,0.0,0.0
2023-10-01,2023-Q4,Mountain Biking,0,0,0.0,0.0,0.0
2024-01-01,2024-Q1,Mountain Biking,0,0,0.0,0.0,0.0
2024-04-01,2024-Q2,Mountain Biking,0,1,0.0,21.0,0.0
2024-07-01,2024-Q3,Mountain Biking,0,2,0.0,56.5,0.0
2024-10-01,2024-Q4,Mountain Biking,0,1,0.0,92.0,0.0
2015-01-01,2015-Q1,Paragliding,28,3,9.26,57.7,2.3282528397426234
2015-04-01,2015-Q2,Paragliding,12,4,2.98,123.0,1.3812818192963463
2015-07-01,2015-Q3,Paragliding,57,5,11.31,66.4,2.510411940196362
2015-10-01,2015-Q4,Paragliding,28,6,4.63,114.3,1.728109442151599
2016-01-01,2016-Q1,Paragliding,8,5,1.59,75.6,0.9516578757114464
2016-04-01,2016-Q2,Paragliding,2,3,0.66,115.0,0.5068176023684519
2016-07-01,2016-Q3,Paragliding,29,2,14.39,56.0,2.733717947850788
2016-10-01,2016-Q4,Paragliding,10,3,3.31,109.3,1.4609379041156565
2017-01-01,2017-Q1,Paragliding,22,3,7.28,65.7,2.1138429683971682
2017-04-01,2017-Q2,Paragliding,4,3,1.32,114.3,0.8415671856782186
2017-07-01,2017-Q3,Paragliding,50,4,12.4,51.8,2.5952547069568657
2017-10-01,2017-Q4,Paragliding,80,7,11.34,72.3,2.5128460184772416
2018-01-01,2018-Q1,Paragliding,60,7,8.51,100.0,2.252343876557299
2018-04-01,2018-Q2,Paragliding,45,6,7.44,92.7,2.1329823086078656
2018-07-01,2018-Q3,Paragliding,233,9,25.69,73.3,3.284288963416433
2018-10-01,2018-Q4,Paragliding,93,9,10.25,101.3,2.4203681286504293
2019-01-01,2019-Q1,Paragliding,186,10,18.46,79.9,2.968361076757859
2019-04-01,2019-Q2,Paragliding,208,13,15.88,101.9,2.826129489167811
2019-07-01,2019-Q3,Paragliding,196,10,19.45,101.0,3.017982882488811
2019-10-01,2019-Q4,Paragliding,133,8,16.5,106.6,2.8622008809294686
2020-01-01,2020-Q1,Paragliding,287,8,35.6,104.8,3.6000482404073204
2020-04-01,2020-Q2,Paragliding,71,5,14.09,124.0,2.7140322727797574
2020-07-01,2020-Q3,Paragliding,5,1,4.96,180.0,1.7850704810772584
2020-10-01,2020-Q4,Paragliding,0,0,0.0,0.0,0.0
2021-01-01,2021-Q1,Paragliding,103,1,102.21,40.0,4.636765747577842
2021-04-01,2021-Q2,Paragliding,9,18,8.93,39.4,2.295560478057081
2021-07-01,2021-Q3,Paragliding,0,17,0.0,126.0,0.0
2021-10-01,2021-Q4,Paragliding,0,4,0.0,66.0,0.0
2022-01-01,2022-Q1,Paragliding,18,6,17.86,115.5,2.937043277205311
2022-04-01,2022-Q2,Paragliding,11,4,10.92,97.8,2.4782176616372036
2022-07-01,2022-Q3,Paragliding,36,4,17.86,99.8,2.937043277205311
2022-10-01,2022-Q4,Paragliding,26,3,8.6,110.3,2.2617630984737906
2023-01-01,2023-Q1,Paragliding,1,1,0.99,162.0,0.688134638736401
2023-04-01,2023-Q2,Paragliding,45,1,44.66,81.0,3.821222641101649
2023-07-01,2023-Q3,Paragliding,4,1,3.97,173.0,1.6034198401085373
2023-10-01,2023-Q4,Paragliding,75,2,37.21,18.5,3.6430972614588084
2024-01-01,2024-Q1,Paragliding,6,2,2.98,109.5,1.3812818192963463
2024-04-01,2024-Q2,Paragliding,0,0,0.0,0.0,0.0
2024-07-01,2024-Q3,Paragliding,28,1,27.79,52.0,3.3600281046240843
2024-10-01,2024-Q4,Paragliding,4,1,3.97,144.0,1.6034198401085373
2015-01-01,2015-Q1,Road Cycling,4,1,1.95,91.0,1.0818051703517284
2015-04-01,2015-Q2,Road Cycling,0,0,0.0,0.0,0.0
2015-07-01,2015-Q3,Road Cycling,0,0,0.0,0.0,0.0
2015-10-01,2015-Q4,Road Cycling,0,0,0.0,0.0,0.0
2016-01-01,2016-Q1,Road Cycling,0,0,0.0,0.0,0.0
2016-04-01,2016-Q2,Road Cycling,0,0,0.0,0.0,0.0
2016-07-01,2016-Q3,Road Cycling,0,0,0.0,0.0,0.0
2016-10-01,2016-Q4,Road Cycling,0,0,0.0,0.0,0.0
2017-01-01,2017-Q1,Road Cycling,0,0,0.0,0.0,0.0
2017-04-01,2017-Q2,Road Cycling,0,0,0.0,0.0,0.0
2017-07-01,2017-Q3,Road Cycling,0,0,0.0,0.0,0.0
2017-10-01,2017-Q4,Road Cycling,0,0,0.0,0.0,0.0
2018-01-01,2018-Q1,Road Cycling,0,0,0.0,0.0,0.0
2018-04-01,2018-Q2,Road Cycling,0,0,0.0,0.0,0.0
2018-07-01,2018-Q3,Road Cycling,0,0,0.0,0.0,0.0
2018-10-01,2018-Q4,Road Cycling,0,0,0.0,0.0,0.0
2019-01-01,2019-Q1,Road Cycling,0,0,0.0,0.0,0.0
2019-04-01,2019-Q2,Road Cycling,0,0,0.0,0.0,0.0
2019-07-01,2019-Q3,Road Cycling,0,0,0.0,0.0,0.0
2019-10-01,2019-Q4,Road Cycling,0,0,0.0,0.0,0.0
2020-01-01,2020-Q1,Road Cycling,0,0,0.0,0.0,0.0
2020-04-01,2020-Q2,Road Cycling,0,0,0.0,0.0,0.0
2020-07-01,2020-Q3,Road Cycling,0,0,0.0,0.0,0.0
2020-10-01,2020-Q4,Road Cycling,0,0,0.0,0.0,0.0
2021-01-01,2021-Q1,Road Cycling,0,0,0.0,0.0,0.0
2021-04-01,2021-Q2,Road Cycling,0,0,0.0,0.0,0.0
2021-07-01,2021-Q3,Road Cycling,0,0,0.0,0.0,0.0
2021-10-01,2021-Q4,Road Cycling,43,1,20.94,25.0,3.088311454847084
2022-01-01,2022-Q1,Road Cycling,7,1,3.41,115.0,1.4838746894587547
2022-04-01,2022-Q2,Road Cycling,0,0,0.0,0.0,0.0
2022-07-01,2022-Q3,Road Cycling,0,0,0.0,0.0,0.0
2022-10-01,2022-Q4,Road Cycling,0,0,0.0,0.0,0.0
2023-01-01,2023-Q1,Road Cycling,0,0,0.0,0.0,0.0
2023-04-01,2023-Q2,Road Cycling,0,0,0.0,0.0,0.0
2023-07-01,2023-Q3,Road Cycling,0,0,0.0,0.0,0.0
2023-10-01,2023-Q4,Road Cycling,0,0,0.0,0.0,0.0
2024-01-01,2024-Q1,Road Cycling,0,0,0.0,0.0,0.0
2024-04-01,2024-Q2,Road Cycling,0,0,0.0,0.0,0.0
2024-07-01,2024-Q3,Road Cycling,0,0,0.0,0.0,0.0
2024-10-01,2024-Q4,Road Cycling,0,0,0.0,0.0,0.0
2015-01-01,2015-Q1,Rock Climbing,0,0,0.0,0.0,0.0
2015-04-01,2015-Q2,Rock Climbing,0,0,0.0,0.0,0.0
2015-07-01,2015-Q3,Rock Climbing,0,0,0.0,0.0,0.0
2015-10-01,2015-Q4,Rock Climbing,0,0,0.0,0.0,0.0
2016-01-01,2016-Q1,Rock Climbing,0,0,0.0,0.0,0.0
2016-04-01,2016-Q2,Rock Climbing,0,0,0.0,0.0,0.0
2016-07-01,2016-Q3,Rock Climbing,0,0,0.0,0.0,0.0
2016-10-01,2016-Q4,Rock Climbing,0,0,0.0,0.0,0.0
2017-01-01,2017-Q1,Rock Climbing,0,0,0.0,0.0,0.0
2017-04-01,2017-Q2,Rock Climbing,0,0,0.0,0.0,0.0
2017-07-01,2017-Q3,Rock Climbing,0,0,0.0,0.0,0.0
2017-10-01,2017-Q4,Rock Climbing,0,1,0.0,26.0,0.0
2018-01-01,2018-Q1,Rock Climbing,0,2,0.0,85.5,0.0
2018-04-01,2018-Q2,Rock Climbing,0,1,0.0,146.0,0.0
2018-07-01,2018-Q3,Rock Climbing,0,3,0.0,14.3,0.0
2018-10-01,2018-Q4,Rock Climbing,0,7,0.0,87.7,0.0
2019-01-01,2019-Q1,Rock Climbing,0,6,0.0,117.7,0.0
2019-04-01,2019-Q2,Rock Climbing,0,3,0.0,80.0,0.0
2019-07-01,2019-Q3,Rock Climbing,0,7,0.0,33.1,0.0
2019-10-01,2019-Q4,Rock Climbing,0,13,0.0,79.5,0.0
2020-01-01,2020-Q1,Rock Climbing,0,8,0.0,128.9,0.0
2020-04-01,2020-Q2,Rock Climbing,0,3,0.0,91.3,0.0
2020-07-01,2020-Q3,Rock Climbing,0,8,0.0,66.6,0.0
2020-10-01,2020-Q4,Rock Climbing,0,7,0.0,121.3,0.0
2021-01-01,2021-Q1,Rock Climbing,0,2,0.0,129.0,0.0
2021-04-01,2021-Q2,Rock Climbing,0,1,0.0,174.0,0.0
2021-07-01,2021-Q3,Rock Climbing,0,1,0.0,17.0,0.0
2021-10-01,2021-Q4,Rock Climbing,0,7,0.0,46.7,0.0
2022-01-01,2022-Q1,Rock Climbing,0,8,0.0,111.8,0.0
2022-04-01,2022-Q2,Rock Climbing,0,3,0.0,111.3,0.0
2022-07-01,2022-Q3,Rock Climbing,0,6,0.0,45.7,0.0
2022-10-01,2022-Q4,Rock Climbing,0,9,0.0,105.1,0.0
2023-01-01,2023-Q1,Rock Climbing,0,6,0.0,128.5,0.0
2023-04-01,2023-Q2,Rock Climbing,0,10,0.0,60.0,0.0
2023-07-01,2023-Q3,Rock Climbing,0,12,0.0,95.8,0.0
2023-10-01,2023-Q4,Rock Climbing,0,14,0.0,80.0,0.0
2024-01-01,2024-Q1,Rock Climbing,0,14,0.0,126.7,0.0
2024-04-01,2024-Q2,Rock Climbing,0,8,0.0,97.4,0.0
2024-07-01,2024-Q3,Rock Climbing,0,6,0.0,112.2,0.0
2024-10-01,2024-Q4,Rock Climbing,0,6,0.0,78.7,0.0
2015-01-01,2015-Q1,Running,0,2,0.0,83.5,0.0
2015-04-01,2015-Q2,Running,0,2,0.0,92.0,0.0
2015-07-01,2015-Q3,Running,0,2,0.0,72.0,0.0
2015-10-01,2015-Q4,Running,0,3,0.0,86.7,0.0
2016-01-01,2016-Q1,Running,0,6,0.0,63.0,0.0
2016-04-01,2016-Q2,Running,0,8,0.0,82.9,0.0
2016-07-01,2016-Q3,Running,12,18,0.56,75.1,0.44468582126144574
2016-10-01,2016-Q4,Running,33,17,0.97,125.3,0.6780335427498971
2017-01-01,2017-Q1,Running,63,13,1.85,46.3,1.0473189942805592
2017-04-01,2017-Q2,Running,38,13,1.12,96.7,0.7514160886839212
2017-07-01,2017-Q3,Running,46,7,1.54,77.9,0.9321640810304452
2017-10-01,2017-Q4,Running,38,7,1.28,105.4,0.8241754429663494
2018-01-01,2018-Q1,Running,31,5,1.46,120.8,0.9001613499442714
2018-04-01,2018-Q2,Running,23,3,1.8,120.3,1.0296194171811583
2018-07-01,2018-Q3,Running,10,2,2.35,111.5,1.208960345836975
2018-10-01,2018-Q4,Running,51,5,2.99,69.4,1.3837912309017721
2019-01-01,2019-Q1,Running,160,9,4.18,83.9,1.6448050562713916
2019-04-01,2019-Q2,Running,160,10,4.18,80.6,1.6448050562713916
2019-07-01,2019-Q3,Running,107,11,4.19,68.6,1.6467336971777973
2019-10-01,2019-Q4,Running,67,15,3.93,84.9,1.5953389880545987
2020-01-01,2020-Q1,Running,56,11,3.29,131.0,1.4562867329399256
2020-04-01,2020-Q2,Running,105,16,4.93,38.7,1.780024213009634
2020-07-01,2020-Q3,Running,189,21,8.88,101.4,2.2905125117597764
2020-10-01,2020-Q4,Running,707,16,27.68,87.5,3.3562000157314196
2021-01-01,2021-Q1,Running,302,11,11.82,108.1,2.551006451492524
2021-04-01,2021-Q2,Running,105,8,4.11,68.4,1.631199404215613
2021-07-01,2021-Q3,Running,100,10,2.94,110.3,1.3711807233098425
2021-10-01,2021-Q4,Running,310,8,12.14,104.9,2.5756610130564646
2022-01-01,2022-Q1,Running,3,6,0.35,104.7,0.30010459245033805
2022-04-01,2022-Q2,Running,24,8,5.64,67.4,1.8931119634883424
2022-07-01,2022-Q3,Running,13,11,1.53,99.6,0.9282193027394289
2022-10-01,2022-Q4,Running,14,7,1.64,118.9,0.9707789171582247
2023-01-01,2023-Q1,Running,28,5,3.29,80.4,1.4562867329399256
2023-04-01,2023-Q2,Running,2,4,0.47,107.2,0.3852624007906449
2023-07-01,2023-Q3,Running,1,4,0.23,70.5,0.20701416938432612
2023-10-01,2023-Q4,Running,0,5,0.0,109.0,0.0
2024-01-01,2024-Q1,Running,0,5,0.0,80.0,0.0
2024-04-01,2024-Q2,Running,0,6,0.0,85.8,0.0
2024-07-01,2024-Q3,Running,0,8,0.0,93.0,0.0
2024-10-01,2024-Q4,Running,0,5,0.0,154.2,0.0
2015-01-01,2015-Q1,SUP,1,17,0.05,126.9,0.04879016416943201
2015-04-01,2015-Q2,SUP,1,5,0.36,96.4,0.3074846997479606
2015-07-01,2015-Q3,SUP,0,3,0.0,115.0,0.0
2015-10-01,2015-Q4,SUP,3,12,0.16,72.5,0.14842000511827327
2016-01-01,2016-Q1,SUP,2,12,0.12,148.9,0.11332868530700317
2016-04-01,2016-Q2,SUP,8,2,5.14,76.0,1.814824742159051
2016-07-01,2016-Q3,SUP,12,2,3.86,84.0,1.5810384379124023
2016-10-01,2016-Q4,SUP,3,4,0.64,76.5,0.49469624183610705
2017-01-01,2017-Q1,SUP,0,4,0.0,114.5,0.0
2017-04-01,2017-Q2,SUP,8,8,0.86,48.8,0.6205764877251099
2017-07-01,2017-Q3,SUP,10,11,0.73,104.1,0.5481214085096876
2017-10-01,2017-Q4,SUP,44,21,1.2,74.4,0.7884573603642702
2018-01-01,2018-Q1,SUP,24,34,0.32,103.7,0.2776317365982795
2018-04-01,2018-Q2,SUP,20,27,0.3,108.4,0.26236426446749106
2018-07-01,2018-Q3,SUP,8,17,0.63,84.3,0.48858001481867097
2018-10-01,2018-Q4,SUP,17,17,0.78,84.8,0.5766133643039938
2019-01-01,2019-Q1,SUP,2,13,0.06,126.6,0.058268908123975775
2019-04-01,2019-Q2,SUP,0,5,0.0,104.2,0.0
2019-07-01,2019-Q3,SUP,11,6,1.77,87.7,1.0188473201992472
2019-10-01,2019-Q4,SUP,10,7,0.92,96.3,0.6523251860396903
2020-01-01,2020-Q1,SUP,8,5,1.03,99.6,0.708035793053696
2020-04-01,2020-Q2,SUP,4,3,0.86,110.7,0.6205764877251099
2020-07-01,2020-Q3,SUP,10,7,0.92,36.3,0.6523251860396903
2020-10-01,2020-Q4,SUP,8,10,0.51,90.4,0.412109650826833
2021-01-01,2021-Q1,SUP,1,4,0.16,147.5,0.14842000511827327
2021-04-01,2021-Q2,SUP,1,1,0.64,21.0,0.49469624183610705
2021-07-01,2021-Q3,SUP,0,1,0.0,113.0,0.0
2021-10-01,2021-Q4,SUP,5,3,1.07,44.0,0.7275486072772778
2022-01-01,2022-Q1,SUP,0,3,0.0,134.0,0.0
2022-04-01,2022-Q2,SUP,8,2,2.57,56.5,1.2725655957915476
2022-07-01,2022-Q3,SUP,13,4,2.09,75.2,1.128171090909654
2022-10-01,2022-Q4,SUP,5,3,1.07,74.7,0.7275486072772778
2023-01-01,2023-Q1,SUP,13,4,2.09,91.5,1.128171090909654
2023-04-01,2023-Q2,SUP,7,3,1.5,171.0,0.9162907318741551
2023-07-01,2023-Q3,SUP,7,3,1.5,25.3,0.9162907318741551
2023-10-01,2023-Q4,SUP,2,3,0.43,117.3,0.3576744442718159
2024-01-01,2024-Q1,SUP,0,0,0.0,0.0,0.0
2024-04-01,2024-Q2,SUP,0,0,0.0,0.0,0.0
2024-07-01,2024-Q3,SUP,0,0,0.0,0.0,0.0
2024-10-01,2024-Q4,SUP,0,0,0.0,0.0,0.0
2015-01-01,2015-Q1,Scuba Diving,0,0,0.0,0.0,0.0
2015-04-01,2015-Q2,Scuba Diving,0,0,0.0,0.0,0.0
2015-07-01,2015-Q3,Scuba Diving,0,0,0.0,0.0,0.0
2015-10-01,2015-Q4,Scuba Diving,0,0,0.0,0.0,0.0
2016-01-01,2016-Q1,Scuba Diving,0,0,0.0,0.0,0.0
2016-04-01,2016-Q2,Scuba Diving,0,0,0.0,0.0,0.0
2016-07-01,2016-Q3,Scuba Diving,0,0,0.0,0.0,0.0
2016-10-01,2016-Q4,Scuba Diving,0,0,0.0,0.0,0.0
2017-01-01,2017-Q1,Scuba Diving,0,0,0.0,0.0,0.0
2017-04-01,2017-Q2,Scuba Diving,0,0,0.0,0.0,0.0
2017-07-01,2017-Q3,Scuba Diving,0,0,0.0,0.0,0.0
2017-10-01,2017-Q4,Scuba Diving,0,0,0.0,0.0,0.0
2018-01-01,2018-Q1,Scuba Diving,0,0,0.0,0.0,0.0
2018-04-01,2018-Q2,Scuba Diving,0,0,0.0,0.0,0.0
2018-07-01,2018-Q3,Scuba Diving,0,0,0.0,0.0,0.0
2018-10-01,2018-Q4,Scuba Diving,0,0,0.0,0.0,0.0
2019-01-01,2019-Q1,Scuba Diving,0,0,0.0,0.0,0.0
2019-04-01,2019-Q2,Scuba Diving,0,8,0.0,37.4,0.0
2019-07-01,2019-Q3,Scuba Diving,76,16,4.75,86.4,1.749199854809259
2019-10-01,2019-Q4,Scuba Diving,157,15,10.47,99.4,2.4397349311412793
2020-01-01,2020-Q1,Scuba Diving,134,13,10.31,100.7,2.425687290128029
2020-04-01,2020-Q2,Scuba Diving,78,10,7.8,108.1,2.174751721484161
2020-07-01,2020-Q3,Scuba Diving,322,17,18.94,73.5,2.9927277645336923
2020-10-01,2020-Q4,Scuba Diving,27,18,1.5,114.9,0.9162907318741551
2021-01-01,2021-Q1,Scuba Diving,194,9,21.56,104.1,3.1161784266298582
2021-04-01,2021-Q2,Scuba Diving,14,9,1.56,92.3,0.9400072584914712
2021-07-01,2021-Q3,Scuba Diving,19,9,2.11,98.7,1.1346227261911428
2021-10-01,2021-Q4,Scuba Diving,1,9,0.11,90.3,0.10436001532424277
2022-01-01,2022-Q1,Scuba Diving,94,10,9.4,94.7,2.341805806147327
2022-04-01,2022-Q2,Scuba Diving,412,9,45.78,99.4,3.845455761156033
2022-07-01,2022-Q3,Scuba Diving,767,12,63.92,83.3,4.17315574264639
2022-10-01,2022-Q4,Scuba Diving,71,12,5.92,117.8,1.9344157696295783
2023-01-01,2023-Q1,Scuba Diving,3,5,0.6,134.6,0.4700036292457355
2023-04-01,2023-Q2,Scuba Diving,212,5,42.4,67.0,3.770459441106359
2023-07-01,2023-Q3,Scuba Diving,21,5,4.2,114.2,1.6486586255873816
2023-10-01,2023-Q4,Scuba Diving,109,3,36.33,90.0,3.6197972929264925
2024-01-01,2024-Q1,Scuba Diving,7,3,2.33,115.7,1.2029723039923526
2024-04-01,2024-Q2,Scuba Diving,0,2,0.0,62.0,0.0
2024-07-01,2024-Q3,Scuba Diving,0,1,0.0,112.0,0.0
2024-10-01,2024-Q4,Scuba Diving,0,0,0.0,0.0,0.0
2015-01-01,2015-Q1,Skateboarding,0,0,0.0,0.0,0.0
2015-04-01,2015-Q2,Skateboarding,0,0,0.0,0.0,0.0
2015-07-01,2015-Q3,Skateboarding,0,0,0.0,0.0,0.0
2015-10-01,2015-Q4,Skateboarding,0,0,0.0,0.0,0.0
2016-01-01,2016-Q1,Skateboarding,0,0,0.0,0.0,0.0
2016-04-01,2016-Q2,Skateboarding,0,0,0.0,0.0,0.0
2016-07-01,2016-Q3,Skateboarding,0,0,0.0,0.0,0.0
2016-10-01,2016-Q4,Skateboarding,0,0,0.0,0.0,0.0
2017-01-01,2017-Q1,Skateboarding,0,0,0.0,0.0,0.0
2017-04-01,2017-Q2,Skateboarding,0,0,0.0,0.0,0.0
2017-07-01,2017-Q3,Skateboarding,0,0,0.0,0.0,0.0
2017-10-01,2017-Q4,Skateboarding,0,0,0.0,0.0,0.0
2018-01-01,2018-Q1,Skateboarding,0,0,0.0,0.0,0.0
2018-04-01,2018-Q2,Skateboarding,0,0,0.0,0.0,0.0
2018-07-01,2018-Q3,Skateboarding,0,0,0.0,0.0,0.0
2018-10-01,2018-Q4,Skateboarding,0,0,0.0,0.0,0.0
2019-01-01,2019-Q1,Skateboarding,0,0,0.0,0.0,0.0
2019-04-01,2019-Q2,Skateboarding,0,0,0.0,0.0,0.0
2019-07-01,2019-Q3,Skateboarding,0,0,0.0,0.0,0.0
2019-10-01,2019-Q4,Skateboarding,0,0,0.0,0.0,0.0
2020-01-01,2020-Q1,Skateboarding,0,0,0.0,0.0,0.0
2020-04-01,2020-Q2,Skateboarding,0,0,0.0,0.0,0.0
2020-07-01,2020-Q3,Skateboarding,0,0,0.0,0.0,0.0
2020-10-01,2020-Q4,Skateboarding,0,0,0.0,0.0,0.0
2021-01-01,2021-Q1,Skateboarding,0,0,0.0,0.0,0.0
2021-04-01,2021-Q2,Skateboarding,0,0,0.0,0.0,0.0
2021-07-01,2021-Q3,Skateboarding,0,0,0.0,0.0,0.0
2021-10-01,2021-Q4,Skateboarding,0,0,0.0,0.0,0.0
2022-01-01,2022-Q1,Skateboarding,0,0,0.0,0.0,0.0
2022-04-01,2022-Q2,Skateboarding,0,0,0.0,0.0,0.0
2022-07-01,2022-Q3,Skateboarding,0,0,0.0,0.0,0.0
2022-10-01,2022-Q4,Skateboarding,0,0,0.0,0.0,0.0
2023-01-01,2023-Q1,Skateboarding,0,0,0.0,0.0,0.0
2023-04-01,2023-Q2,Skateboarding,0,0,0.0,0.0,0.0
2023-07-01,2023-Q3,Skateboarding,0,0,0.0,0.0,0.0
2023-10-01,2023-Q4,Skateboarding,0,0,0.0,0.0,0.0
2024-01-01,2024-Q1,Skateboarding,0,0,0.0,0.0,0.0
2024-04-01,2024-Q2,Skateboarding,0,0,0.0,0.0,0.0
2024-07-01,2024-Q3,Skateboarding,0,0,0.0,0.0,0.0
2024-10-01,2024-Q4,Skateboarding,0,0,0.0,0.0,0.0
2015-01-01,2015-Q1,Skydiving,3,8,0.2,90.2,0.18232155679395465
2015-04-01,2015-Q2,Skydiving,0,4,0.0,95.5,0.0
2015-07-01,2015-Q3,Skydiving,7,4,0.93,66.8,0.6575200029167942
2015-10-01,2015-Q4,Skydiving,139,4,18.51,118.2,2.97092715463502
2016-01-01,2016-Q1,Skydiving,5,3,0.89,52.0,0.636576829071551
2016-04-01,2016-Q2,Skydiving,2,4,0.27,67.8,0.23901690047049992
2016-07-01,2016-Q3,Skydiving,0,4,0.0,102.5,0.0
2016-10-01,2016-Q4,Skydiving,1,3,0.18,114.7,0.16551443847757338
2017-01-01,2017-Q1,Skydiving,3,2,0.8,98.0,0.5877866649021191
2017-04-01,2017-Q2,Skydiving,0,1,0.0,179.0,0.0
2017-07-01,2017-Q3,Skydiving,0,0,0.0,0.0,0.0
2017-10-01,2017-Q4,Skydiving,0,0,0.0,0.0,0.0
2018-01-01,2018-Q1,Skydiving,0,19,0.0,2.5,0.0
2018-04-01,2018-Q2,Skydiving,1,21,0.03,90.4,0.0295588022415444
2018-07-01,2018-Q3,Skydiving,0,2,0.0,152.5,0.0
2018-10-01,2018-Q4,Skydiving,0,0,0.0,0.0,0.0
2019-01-01,2019-Q1,Skydiving,0,1,0.0,34.0,0.0
2019-04-01,2019-Q2,Skydiving,0,1,0.0,125.0,0.0
2019-07-01,2019-Q3,Skydiving,0,1,0.0,52.0,0.0
2019-10-01,2019-Q4,Skydiving,0,1,0.0,144.0,0.0
2020-01-01,2020-Q1,Skydiving,0,0,0.0,0.0,0.0
2020-04-01,2020-Q2,Skydiving,2,2,0.53,23.0,0.4252677354043441
2020-07-01,2020-Q3,Skydiving,1,2,0.27,115.0,0.23901690047049992
2020-10-01,2020-Q4,Skydiving,11,1,5.86,21.0,1.925707441737794
2021-01-01,2021-Q1,Skydiving,0,1,0.0,111.0,0.0
2021-04-01,2021-Q2,Skydiving,0,0,0.0,0.0,0.0
2021-07-01,2021-Q3,Skydiving,4,1,2.13,70.0,1.1410330045520618
2021-10-01,2021-Q4,Skydiving,0,1,0.0,162.0,0.0
2022-01-01,2022-Q1,Skydiving,6,5,0.64,55.4,0.49469624183610705
2022-04-01,2022-Q2,Skydiving,0,6,0.0,126.3,0.0
2022-07-01,2022-Q3,Skydiving,0,1,0.0,118.0,0.0
2022-10-01,2022-Q4,Skydiving,1,3,0.53,15.7,0.4252677354043441
2023-01-01,2023-Q1,Skydiving,7,11,0.33,56.6,0.2851789422336624
2023-04-01,2023-Q2,Skydiving,17,14,3.16,96.5,1.425515074273172
2023-07-01,2023-Q3,Skydiving,18,9,4.59,120.7,1.7209792871670078
2023-10-01,2023-Q4,Skydiving,13,11,2.39,94.0,1.220829921392359
2024-01-01,2024-Q1,Skydiving,23,32,0.85,63.5,0.6151856390902335
2024-04-01,2024-Q2,Skydiving,22,35,0.56,106.6,0.44468582126144574
2024-07-01,2024-Q3,Skydiving,5,14,0.17,141.1,0.15700374880966475
2024-10-01,2024-Q4,Skydiving,2,5,0.19,100.2,0.173953307123438
2015-01-01,2015-Q1,Slacklining,16,7,0.19,89.3,0.173953307123438
2015-04-01,2015-Q2,Slacklining,22,11,0.17,60.5,0.15700374880966475
2015-07-01,2015-Q3,Slacklining,37,9,0.35,97.6,0.30010459245033805
2015-10-01,2015-Q4,Slacklining,20,4,0.42,86.0,0.35065687161316933
2016-01-01,2016-Q1,Slacklining,14,6,0.2,81.8,0.18232155679395465
2016-04-01,2016-Q2,Slacklining,21,9,0.2,93.2,0.18232155679395465
2016-07-01,2016-Q3,Slacklining,19,9,0.18,102.7,0.16551443847757338
2016-10-01,2016-Q4,Slacklining,4,6,0.06,107.2,0.058268908123975775
2017-01-01,2017-Q1,Slacklining,2,3,0.06,89.3,0.058268908123975775
2017-04-01,2017-Q2,Slacklining,33,5,0.56,52.4,0.44468582126144574
2017-07-01,2017-Q3,Slacklining,15,6,0.21,108.3,0.1906203596086497
2017-10-01,2017-Q4,Slacklining,11,5,0.23,92.8,0.20701416938432612
2018-01-01,2018-Q1,Slacklining,29,8,0.35,77.2,0.30010459245033805
2018-04-01,2018-Q2,Slacklining,3,5,0.05,131.6,0.04879016416943201
2018-07-01,2018-Q3,Slacklining,13,2,0.55,45.5,0.4382549309311553
2018-10-01,2018-Q4,Slacklining,4,3,0.11,112.3,0.10436001532424277
2019-01-01,2019-Q1,Slacklining,0,1,0.0,152.0,0.0
2019-04-01,2019-Q2,Slacklining,0,0,0.0,0.0,0.0
2019-07-01,2019-Q3,Slacklining,5,1,0.42,39.0,0.35065687161316933
2019-10-01,2019-Q4,Slacklining,0,3,0.0,78.0,0.0
2020-01-01,2020-Q1,Slacklining,7,3,0.59,115.3,0.4637340162321401
2020-04-01,2020-Q2,Slacklining,9,2,0.76,81.0,0.5653138090500605
2020-07-01,2020-Q3,Slacklining,0,2,0.0,58.0,0.0
2020-10-01,2020-Q4,Slacklining,7,2,0.59,86.0,0.4637340162321401
2021-01-01,2021-Q1,Slacklining,21,4,0.44,63.2,0.36464311358790924
2021-04-01,2021-Q2,Slacklining,15,6,0.32,80.2,0.2776317365982795
2021-07-01,2021-Q3,Slacklining,0,6,0.0,84.8,0.0
2021-10-01,2021-Q4,Slacklining,0,3,0.0,132.7,0.0
2022-01-01,2022-Q1,Slacklining,0,7,0.0,45.3,0.0
2022-04-01,2022-Q2,Slacklining,0,8,0.0,129.9,0.0
2022-07-01,2022-Q3,Slacklining,0,2,0.0,121.0,0.0
2022-10-01,2022-Q4,Slacklining,11,4,0.93,74.0,0.6575200029167942
2023-01-01,2023-Q1,Slacklining,0,11,0.0,62.6,0.0
2023-04-01,2023-Q2,Slacklining,0,14,0.0,95.6,0.0
2023-07-01,2023-Q3,Slacklining,0,12,0.0,95.3,0.0
2023-10-01,2023-Q4,Slacklining,11,16,0.93,80.2,0.6575200029167942
2024-01-01,2024-Q1,Slacklining,2,22,0.17,85.7,0.15700374880966475
2024-04-01,2024-Q2,Slacklining,0,24,0.0,91.3,0.0
2024-07-01,2024-Q3,Slacklining,14,22,1.18,100.5,0.7793248768009976
2024-10-01,2024-Q4,Slacklining,6,20,0.25,91.6,0.22314355131420976
2015-01-01,2015-Q1,Snowboarding,4,2,1.95,98.0,1.0818051703517284
2015-04-01,2015-Q2,Snowboarding,0,1,0.0,128.0,0.0
2015-07-01,2015-Q3,Snowboarding,8,1,7.79,61.0,2.1736147116970854
2015-10-01,2015-Q4,Snowboarding,16,3,5.2,81.0,1.824549292051046
2016-01-01,2016-Q1,Snowboarding,19,3,6.17,108.0,1.969905654611529
2016-04-01,2016-Q2,Snowboarding,0,1,0.0,143.0,0.0
2016-07-01,2016-Q3,Snowboarding,0,0,0.0,0.0,0.0
2016-10-01,2016-Q4,Snowboarding,4,1,3.9,39.0,1.589235205116581
2017-01-01,2017-Q1,Snowboarding,8,2,3.9,66.5,1.589235205116581
2017-04-01,2017-Q2,Snowboarding,2,2,0.97,56.0,0.6780335427498971
2017-07-01,2017-Q3,Snowboarding,5,3,1.62,82.3,0.9631743177730056
2017-10-01,2017-Q4,Snowboarding,0,2,0.0,161.0,0.0
2018-01-01,2018-Q1,Snowboarding,14,2,6.82,39.0,2.05668455455722
2018-04-01,2018-Q2,Snowboarding,5,4,1.22,75.2,0.7975071958841881
2018-07-01,2018-Q3,Snowboarding,0,2,0.0,112.5,0.0
2018-10-01,2018-Q4,Snowboarding,13,1,12.66,60.0,2.614471854142644
2019-01-01,2019-Q1,Snowboarding,18,2,8.77,117.0,2.2793164660546914
2019-04-01,2019-Q2,Snowboarding,2,3,0.65,98.0,0.5007752879124893
2019-07-01,2019-Q3,Snowboarding,3,3,0.97,116.0,0.6780335427498971
2019-10-01,2019-Q4,Snowboarding,0,1,0.0,137.0,0.0
2020-01-01,2020-Q1,Snowboarding,19,1,18.51,2.0,2.97092715463502
2020-04-01,2020-Q2,Snowboarding,6,4,1.46,33.2,0.9001613499442714
2020-07-01,2020-Q3,Snowboarding,0,3,0.0,105.3,0.0
2020-10-01,2020-Q4,Snowboarding,0,0,0.0,0.0,0.0
2021-01-01,2021-Q1,Snowboarding,0,0,0.0,0.0,0.0
2021-04-01,2021-Q2,Snowboarding,0,0,0.0,0.0,0.0
2021-07-01,2021-Q3,Snowboarding,0,0,0.0,0.0,0.0
2021-10-01,2021-Q4,Snowboarding,0,0,0.0,0.0,0.0
2022-01-01,2022-Q1,Snowboarding,69,7,9.6,43.4,2.3608540011180215
2022-04-01,2022-Q2,Snowboarding,2,7,0.28,134.4,0.2468600779315258
2022-07-01,2022-Q3,Snowboarding,0,0,0.0,0.0,0.0
2022-10-01,2022-Q4,Snowboarding,7,2,3.41,69.5,1.4838746894587547
2023-01-01,2023-Q1,Snowboarding,97,12,7.87,61.7,2.1826747963214883
2023-04-01,2023-Q2,Snowboarding,5,11,0.44,128.9,0.36464311358790924
2023-07-01,2023-Q3,Snowboarding,19,4,4.63,57.0,1.728109442151599
2023-10-01,2023-Q4,Snowboarding,72,13,5.39,53.1,1.8547342683894434
2024-01-01,2024-Q1,Snowboarding,84,18,4.55,92.5,1.713797927758343
2024-04-01,2024-Q2,Snowboarding,35,16,2.13,98.4,1.1410330045520618
2024-07-01,2024-Q3,Snowboarding,16,12,1.3,115.4,0.832909122935104
2024-10-01,2024-Q4,Snowboarding,47,13,3.52,70.1,1.5085119938441398
2015-01-01,2015-Q1,Spearfishing,0,0,0.0,0.0,0.0
2015-04-01,2015-Q2,Spearfishing,0,0,0.0,0.0,0.0
2015-07-01,2015-Q3,Spearfishing,0,0,0.0,0.0,0.0
2015-10-01,2015-Q4,Spearfishing,0,0,0.0,0.0,0.0
2016-01-01,2016-Q1,Spearfishing,0,0,0.0,0.0,0.0
2016-04-01,2016-Q2,Spearfishing,0,0,0.0,0.0,0.0
2016-07-01,2016-Q3,Spearfishing,0,12,0.0,79.8,0.0
2016-10-01,2016-Q4,Spearfishing,0,15,0.0,143.1,0.0
2017-01-01,2017-Q1,Spearfishing,2,4,0.06,91.8,0.058268908123975775
2017-04-01,2017-Q2,Spearfishing,0,5,0.0,52.8,0.0
2017-07-01,2017-Q3,Spearfishing,2,6,0.04,105.2,0.039220713153281295
2017-10-01,2017-Q4,Spearfishing,5,8,0.07,65.9,0.06765864847381481
2018-01-01,2018-Q1,Spearfishing,3,10,0.03,91.8,0.0295588022415444
2018-04-01,2018-Q2,Spearfishing,2,7,0.03,104.9,0.0295588022415444
2018-07-01,2018-Q3,Spearfishing,1,6,0.02,96.5,0.019802627296179712
2018-10-01,2018-Q4,Spearfishing,1,4,0.03,101.8,0.0295588022415444
2019-01-01,2019-Q1,Spearfishing,1,5,0.02,66.2,0.019802627296179712
2019-04-01,2019-Q2,Spearfishing,7,9,0.09,80.9,0.08617769624105233
2019-07-01,2019-Q3,Spearfishing,15,9,0.19,94.0,0.173953307123438
2019-10-01,2019-Q4,Spearfishing,4,5,0.09,117.6,0.08617769624105233
2020-01-01,2020-Q1,Spearfishing,7,3,0.27,57.7,0.23901690047049992
2020-04-01,2020-Q2,Spearfishing,2,4,0.06,96.8,0.058268908123975775
2020-07-01,2020-Q3,Spearfishing,1,2,0.06,162.5,0.058268908123975775
2020-10-01,2020-Q4,Spearfishing,3,2,0.17,39.5,0.15700374880966475
2021-01-01,2021-Q1,Spearfishing,5,5,0.11,76.4,0.10436001532424277
2021-04-01,2021-Q2,Spearfishing,11,4,0.31,117.5,0.27002713721306015
2021-07-01,2021-Q3,Spearfishing,4,2,0.23,112.0,0.20701416938432612
2021-10-01,2021-Q4,Spearfishing,1,3,0.04,82.7,0.039220713153281295
2022-01-01,2022-Q1,Spearfishing,14,9,0.18,58.9,0.16551443847757338
2022-04-01,2022-Q2,Spearfishing,7,9,0.09,108.1,0.08617769624105233
2022-07-01,2022-Q3,Spearfishing,15,4,0.43,73.0,0.3576744442718159
2022-10-01,2022-Q4,Spearfishing,5,2,0.28,104.0,0.2468600779315258
2023-01-01,2023-Q1,Spearfishing,8,2,0.46,56.0,0.3784364357202451
2023-04-01,2023-Q2,Spearfishing,4,4,0.11,86.5,0.10436001532424277
2023-07-01,2023-Q3,Spearfishing,7,8,0.1,61.6,0.09531017980432487
2023-10-01,2023-Q4,Spearfishing,3,7,0.05,117.0,0.04879016416943201
2024-01-01,2024-Q1,Spearfishing,0,1,0.0,101.0,0.0
2024-04-01,2024-Q2,Spearfishing,4,2,0.23,38.5,0.20701416938432612
2024-07-01,2024-Q3,Spearfishing,7,4,0.2,75.0,0.18232155679395465
2024-10-01,2024-Q4,Spearfishing,3,4,0.09,83.5,0.08617769624105233
2015-01-01,2015-Q1,Surfing,0,0,0.0,0.0,0.0
2015-04-01,2015-Q2,Surfing,0,0,0.0,0.0,0.0
2015-07-01,2015-Q3,Surfing,0,0,0.0,0.0,0.0
2015-10-01,2015-Q4,Surfing,0,0,0.0,0.0,0.0
2016-01-01,2016-Q1,Surfing,0,0,0.0,0.0,0.0
2016-04-01,2016-Q2,Surfing,0,0,0.0,0.0,0.0
2016-07-01,2016-Q3,Surfing,0,0,0.0,0.0,0.0
2016-10-01,2016-Q4,Surfing,0,0,0.0,0.0,0.0
2017-01-01,2017-Q1,Surfing,0,0,0.0,0.0,0.0
2017-04-01,2017-Q2,Surfing,0,0,0.0,0.0,0.0
2017-07-01,2017-Q3,Surfing,0,0,0.0,0.0,0.0
2017-10-01,2017-Q4,Surfing,0,0,0.0,0.0,0.0
2018-01-01,2018-Q1,Surfing,71,2,34.94,35.0,3.581850881355413
2018-04-01,2018-Q2,Surfing,88,2,43.31,126.0,3.7912103852113983
2018-07-01,2018-Q3,Surfing,57,1,56.1,79.0,4.044804116661965
2018-10-01,2018-Q4,Surfing,26,2,12.8,126.0,2.624668592163159
2019-01-01,2019-Q1,Surfing,0,1,0.0,171.0,0.0
2019-04-01,2019-Q2,Surfing,0,0,0.0,0.0,0.0
2019-07-01,2019-Q3,Surfing,0,0,0.0,0.0,0.0
2019-10-01,2019-Q4,Surfing,17,3,5.58,23.7,1.884034745337226
2020-01-01,2020-Q1,Surfing,45,3,14.76,114.7,2.757475084429733
2020-04-01,2020-Q2,Surfing,0,0,0.0,0.0,0.0
2020-07-01,2020-Q3,Surfing,6,1,5.91,90.0,1.9329696377795786
2020-10-01,2020-Q4,Surfing,22,3,7.22,77.0,2.1065702090680887
2021-01-01,2021-Q1,Surfing,51,5,10.04,68.8,2.401525040848949
2021-04-01,2021-Q2,Surfing,83,7,11.67,75.3,2.5392369943330477
2021-07-01,2021-Q3,Surfing,35,5,6.89,107.2,2.065596134857783
2021-10-01,2021-Q4,Surfing,9,2,4.43,72.0,1.691939133945844
2022-01-01,2022-Q1,Surfing,14,4,3.44,49.5,1.4906543764441333
2022-04-01,2022-Q2,Surfing,24,4,5.91,93.8,1.9329696377795786
2022-07-01,2022-Q3,Surfing,49,7,6.89,35.3,2.065596134857783
2022-10-01,2022-Q4,Surfing,143,24,5.86,66.0,1.925707441737794
2023-01-01,2023-Q1,Surfing,470,28,16.52,104.6,2.8633430855082453
2023-04-01,2023-Q2,Surfing,492,24,20.18,83.3,3.0530573401732606
2023-07-01,2023-Q3,Surfing,42,16,2.58,131.8,1.275362800412609
2023-10-01,2023-Q4,Surfing,30,6,4.92,95.3,1.7783364488959144
2024-01-01,2024-Q1,Surfing,21,7,2.95,122.7,1.3737155789130306
2024-04-01,2024-Q2,Surfing,28,10,2.76,86.5,1.324418957401803
2024-07-01,2024-Q3,Surfing,19,8,2.34,133.9,1.205970806988609
2024-10-01,2024-Q4,Surfing,3,2,1.48,134.0,0.9082585601768908
2015-01-01,2015-Q1,Trail Running,200,6,33.33,125.3,3.5360196074696004
2015-04-01,2015-Q2,Trail Running,192,3,64.0,64.0,4.174387269895637
2015-07-01,2015-Q3,Trail Running,109,5,21.8,75.6,3.126760535960395
2015-10-01,2015-Q4,Trail Running,28,3,9.33,131.0,2.3350522831315472
2016-01-01,2016-Q1,Trail Running,196,4,49.0,40.5,3.912023005428146
2016-04-01,2016-Q2,Trail Running,387,9,43.0,94.8,3.784189633918261
2016-07-01,2016-Q3,Trail Running,108,7,15.43,126.3,2.799108932049177
2016-10-01,2016-Q4,Trail Running,246,5,49.2,87.8,3.9160150266976834
2017-01-01,2017-Q1,Trail Running,442,7,63.14,87.9,4.161068194265009
2017-04-01,2017-Q2,Trail Running,59,5,11.8,119.8,2.5494451709255714
2017-07-01,2017-Q3,Trail Running,635,8,79.38,56.1,4.386765389021055
2017-10-01,2017-Q4,Trail Running,164,8,20.5,122.1,3.068052935133617
2018-01-01,2018-Q1,Trail Running,327,3,109.0,75.7,4.700480365792417
2018-04-01,2018-Q2,Trail Running,378,3,126.0,108.3,4.844187086458591
2018-07-01,2018-Q3,Trail Running,108,1,108.0,122.0,4.6913478822291435
2018-10-01,2018-Q4,Trail Running,58,1,58.0,25.0,4.07753744390572
2019-01-01,2019-Q1,Trail Running,9,1,9.0,115.0,2.302585092994046
2019-04-01,2019-Q2,Trail Running,0,0,0.0,0.0,0.0
2019-07-01,2019-Q3,Trail Running,330,5,66.0,42.6,4.204692619390966
2019-10-01,2019-Q4,Trail Running,53,5,10.6,134.6,2.451005098112319
2020-01-01,2020-Q1,Trail Running,418,3,139.33,38.3,4.943996791763045
2020-04-01,2020-Q2,Trail Running,280,5,56.0,91.4,4.04305126783455
2020-07-01,2020-Q3,Trail Running,188,4,47.0,103.2,3.871201010907891
2020-10-01,2020-Q4,Trail Running,47,3,15.67,135.0,2.813610696762703
2021-01-01,2021-Q1,Trail Running,522,4,130.5,77.5,4.879006851617819
2021-04-01,2021-Q2,Trail Running,178,6,29.67,82.5,3.4232849781261603
2021-07-01,2021-Q3,Trail Running,482,9,53.56,64.2,3.9993010135352067
2021-10-01,2021-Q4,Trail Running,131,8,16.38,111.8,2.8553201198372458
2022-01-01,2022-Q1,Trail Running,40,3,13.33,105.3,2.6623552418400807
2022-04-01,2022-Q2,Trail Running,101,3,33.67,83.0,3.545874759696932
2022-07-01,2022-Q3,Trail Running,56,3,18.67,116.3,2.979094632400968
2022-10-01,2022-Q4,Trail Running,107,3,35.67,79.0,3.6019589820832345
2023-01-01,2023-Q1,Trail Running,10,2,5.0,142.5,1.791759469228055
2023-04-01,2023-Q2,Trail Running,0,0,0.0,0.0,0.0
2023-07-01,2023-Q3,Trail Running,0,0,0.0,0.0,0.0
2023-10-01,2023-Q4,Trail Running,31,1,31.0,33.0,3.4657359027997265
2024-01-01,2024-Q1,Trail Running,56,2,28.0,74.0,3.367295829986474
2024-04-01,2024-Q2,Trail Running,12,1,12.0,115.0,2.5649493574615367
2024-07-01,2024-Q3,Trail Running,0,0,0.0,0.0,0.0
2024-10-01,2024-Q4,Trail Running,62,2,31.0,36.0,3.4657359027997265
2015-01-01,2015-Q1,Wingfoiling,0,0,0.0,0.0,0.0
2015-04-01,2015-Q2,Wingfoiling,0,0,0.0,0.0,0.0
2015-07-01,2015-Q3,Wingfoiling,0,0,0.0,0.0,0.0
2015-10-01,2015-Q4,Wingfoiling,0,0,0.0,0.0,0.0
2016-01-01,2016-Q1,Wingfoiling,0,0,0.0,0.0,0.0
2016-04-01,2016-Q2,Wingfoiling,0,0,0.0,0.0,0.0
2016-07-01,2016-Q3,Wingfoiling,0,0,0.0,0.0,0.0
2016-10-01,2016-Q4,Wingfoiling,0,0,0.0,0.0,0.0
2017-01-01,2017-Q1,Wingfoiling,0,0,0.0,0.0,0.0
2017-04-01,2017-Q2,Wingfoiling,0,0,0.0,0.0,0.0
2017-07-01,2017-Q3,Wingfoiling,0,0,0.0,0.0,0.0
2017-10-01,2017-Q4,Wingfoiling,0,1,0.0,83.0,0.0
2018-01-01,2018-Q1,Wingfoiling,0,1,0.0,173.0,0.0
2018-04-01,2018-Q2,Wingfoiling,0,0,0.0,0.0,0.0
2018-07-01,2018-Q3,Wingfoiling,0,0,0.0,0.0,0.0
2018-10-01,2018-Q4,Wingfoiling,0,0,0.0,0.0,0.0
2019-01-01,2019-Q1,Wingfoiling,0,0,0.0,0.0,0.0
2019-04-01,2019-Q2,Wingfoiling,0,0,0.0,0.0,0.0
2019-07-01,2019-Q3,Wingfoiling,0,0,0.0,0.0,0.0
2019-10-01,2019-Q4,Wingfoiling,0,0,0.0,0.0,0.0
2020-01-01,2020-Q1,Wingfoiling,0,0,0.0,0.0,0.0
2020-04-01,2020-Q2,Wingfoiling,105,9,7.12,49.7,2.0943301541735866
2020-07-01,2020-Q3,Wingfoiling,106,16,4.04,100.6,1.6174060820832772
2020-10-01,2020-Q4,Wingfoiling,25,9,1.7,118.1,0.9932517730102833
2021-01-01,2021-Q1,Wingfoiling,59,8,4.5,65.9,1.7047480922384253
2021-04-01,2021-Q2,Wingfoiling,50,7,4.36,125.6,1.6789639750827108
2021-07-01,2021-Q3,Wingfoiling,47,6,7.9,67.5,2.186051276738094
2021-10-01,2021-Q4,Wingfoiling,36,9,5.0,102.9,1.791759469228055
2022-01-01,2022-Q1,Wingfoiling,27,8,4.24,88.6,1.6563214983329508
2022-04-01,2022-Q2,Wingfoiling,21,8,3.39,85.2,1.47932922708708
2022-07-01,2022-Q3,Wingfoiling,73,10,13.67,98.2,2.6858045921548905
2022-10-01,2022-Q4,Wingfoiling,20,11,1.65,109.0,0.9745596399981308
2023-01-01,2023-Q1,Wingfoiling,36,9,8.99,106.1,2.301584592660462
2023-04-01,2023-Q2,Wingfoiling,15,9,2.5,95.6,1.252762968495368
2023-07-01,2023-Q3,Wingfoiling,52,11,8.41,85.3,2.2417729535972883
2023-10-01,2023-Q4,Wingfoiling,8,9,1.49,96.1,0.9122827104766162
2024-01-01,2024-Q1,Wingfoiling,8,7,1.61,76.9,0.9593502213346021
2024-04-01,2024-Q2,Wingfoiling,36,7,18.7,110.0,2.9806186357439426
2024-07-01,2024-Q3,Wingfoiling,24,11,5.49,79.8,1.8702625307159986
2024-10-01,2024-Q4,Wingfoiling,2,8,0.11,143.2,0.10436001532424277
